Player,PER
A.C. Green,17.8
A.J. Bramlett,-0.4
A.J. English,12.5
A.J. Guyton,11.8
A.J. Hammons,8.4
A.J. Price,17.1
A.J. Wynder,7.6
A.W. Holt,-1.8
Aaron Brooks,16.0
Aaron Gordon,17.0
Aaron Gray,18.4
Aaron Harrison,4.3
Aaron James,14.4
Aaron McKie,15.8
Aaron Miles,6.0
Aaron Swinson,11.7
Aaron Williams,19.1
Abdul Jeelani,18.7
Acie Earl,18.6
Acie Law,21.3
Adam Harrington,10.4
Adam Keefe,15.1
Adam Morrison,7.9
Adonal Foyle,21.0
Adonis Jordan,18.9
Adonis Thomas,10.1
Adreian Payne,14.4
Adrian Branch,18.8
Adrian Caldwell,10.4
Adrian Dantley*,24.6
Adrian Griffin,14.2
Adrian Smith,14.2
Al Attles,13.2
Al Bianchi,12.5
Al Butler,17.4
Al Carlson,9.0
Al Cervi*,21.9
Al Eberhard,11.7
Al Ferrari,11.2
Al Fleming,10.7
Al Guokas,
Al Hairston,14.7
Al Harrington,16.8
Al Henry,13.8
Al Horford,22.0
Al Jackson,-9.2
Al Jefferson,23.1
Al Masino,17.3
Al Miksis,
Al Roges,10.6
Al Skinner,16.2
Al Thornton,12.7
Al Tucker,14.1
Al Wood,14.9
Al-Farouq Aminu,14.4
Alaa Abdelnaby,14.1
Alan Anderson,12.6
Alan Hardy,10.5
Alan Henderson,18.4
Alan Ogg,67.9
Alan Sawyer,
Alan Williams,21.1
Alando Tucker,15.7
Albert King,17.7
Alec Burks,15.8
Alec Kessler,11.8
Aleksandar Djordjevic,12.5
Aleksandar Radojevic,2.4
Alex Abrines,10.1
Alex Acker,16.0
Alex Blackwell,8.2
Alex Bradley,12.4
Alex English*,24.1
Alex Garcia,8.4
Alex Groza,
Alex Hannum*,9.6
Alex Kirk,8.5
Alex Len,15.0
Alex Poythress,13.2
Alex Scales,
Alex Stepheson,16.0
Alex Stivrins,18.8
Alexander Johnson,13.2
Alexander Volkov,15.5
Alexey Shved,20.5
Alexis Ajinca,19.9
Alfred McGuire*,13.0
Alfredrick Hughes,8.2
Allan Bristow,16.6
Allan Houston,17.7
Allan Ray,10.0
Allen Crabbe,12.2
Allen Iverson*,25.9
Allen Leavell,16.4
Allen Murphy,1.8
Allie McGuire,10.3
Alonzo Bradley,9.3
Alonzo Gee,16.2
Alonzo Mourning*,25.8
Alphonso Ford,28.9
Alton Ford,12.4
Alton Lister,16.4
Alvan Adams,21.7
Alvin Heggs,20.7
Alvin Jones,6.2
Alvin Robertson,19.5
Alvin Scott,13.4
Alvin Sims,10.9
Alvin Williams,16.7
Amal McCaskill,10.2
Amar'e Stoudemire,27.6
Amir Johnson,20.6
Anderson Varejao,21.7
Andrae Patterson,14.5
Andray Blatche,21.9
Andre Barrett,14.1
Andre Brown,13.5
Andre Dawkins,-5.0
Andre Drummond,22.6
Andre Emmett,13.3
Andre Iguodala,19.0
Andre McCarter,11.6
Andre Miller,21.8
Andre Moore,15.5
Andre Owens,10.0
Andre Roberson,10.2
Andre Spencer,16.4
Andre Turner,12.8
Andre Wakefield,5.2
Andrea Bargnani,17.9
Andreas Glyniadakis,-3.3
Andrei Kirilenko,24.4
Andres Guibert,8.3
Andres Nocioni,16.1
Andrew Bogut,20.7
Andrew Bynum,22.9
Andrew DeClercq,15.8
Andrew Gaze,10.5
Andrew Goudelock,12.4
Andrew Harrison,8.7
Andrew Lang,13.8
Andrew Levane,-4.1
Andrew Nicholson,15.1
Andrew Toney,17.9
Andrew Wiggins,16.5
Andris Biedrins,19.2
Andy Duncan,
Andy Johnson,13.6
Andy O'Donnell,
Andy Panko,0.0
Andy Phillip*,16.0
Andy Rautins,-1.2
Andy Toolson,8.4
Andy Walker,13.0
Anfernee Hardaway,24.6
Ansu Sesay,15.5
Antawn Jamison,21.2
Anthony Avent,11.3
Anthony Bennett,14.7
Anthony Bonner,12.6
Anthony Bowie,14.7
Anthony Brown,18.5
Anthony Carter,12.8
Anthony Cook,15.8
Anthony Davis,30.8
Anthony Frederick,13.0
Anthony Goldwire,15.9
Anthony Grundy,16.6
Anthony Johnson,14.3
Anthony Jones,16.8
Anthony Mason,18.9
Anthony Miller,16.9
Anthony Morrow,16.0
Anthony Parker,30.9
Anthony Peeler,15.2
Anthony Pullard,9.2
Anthony Randolph,18.7
Anthony Roberson,11.8
Anthony Roberts,12.2
Anthony Taylor,11.1
Anthony Tolliver,13.7
Anthony Tucker,9.2
Antoine Carr,18.8
Antoine Rigaudeau,-2.4
Antoine Walker,18.9
Antoine Wright,9.0
Antonio Anderson,-1.7
Antonio Burks,12.8
Antonio Daniels,19.7
Antonio Davis,16.7
Antonio Harvey,23.2
Antonio Lang,25.2
Antonio McDyess,22.0
Antonis Fotsis,11.3
Archie Clark,24.9
Archie Dees,17.2
Archie Goodwin,19.7
Ariel Maughan,
Arinze Onuaku,22.8
Armen Gilliam,18.5
Armon Johnson,20.7
Armond Hill,12.6
Arnett Moultrie,16.7
Arnie Ferrin,
Arnie Johnson,16.4
Arnie Risen*,20.6
Aron Baynes,17.8
Arron Afflalo,16.0
Art Burris,8.8
Art Collins,4.3
Art Harris,11.5
Art Heyman,14.7
Art Long,10.7
Art Spector,
Art Spoelstra,12.9
Art Williams,15.2
Artis Gilmore*,23.5
Arvid Kramer,6.6
Arvydas Macijauskas,8.3
Arvydas Sabonis*,24.7
Ashraf Amaya,11.8
Askia Jones,8.3
Audie Norris,10.6
Austin Carr,18.9
Austin Croshere,17.2
Austin Daye,13.5
Austin Rivers,11.6
Avery Bradley,14.4
Avery Johnson,17.3
Awvee Storey,11.5
Axel Toupane,8.6
B.J. Armstrong,17.3
B.J. Tyler,8.5
Bailey Howell*,21.6
Barney Cable,12.3
Baron Davis,21.4
Barry Clemens,14.9
Barry Kramer,11.1
Barry Nelson,7.6
Barry Orms,3.2
Barry Stevens,15.2
Barry Sumpter,-30.2
Barry Yates,10.7
Bart Kofoed,14.9
Bato Govedarica,7.1
Bayard Forrest,12.2
Belus Smawley,3.1
Ben Bentil,-17.6
Ben Clyde,11.3
Ben Coleman,13.6
Ben Davis,34.4
Ben Gillery,5.0
Ben Gordon,18.2
Ben Handlogten,17.1
Ben Hansbrough,7.2
Ben Kelso,6.8
Ben McDonald,12.0
Ben McLemore,10.4
Ben Poquette,14.0
Ben Uzoh,21.0
Ben Wallace,18.6
Ben Warley,16.8
Bennie Swain,12.3
Beno Udrih,16.1
Benoit Benjamin,17.4
Bernard James,16.0
Bernard King*,25.2
Bernard Robinson,16.2
Bernard Thompson,11.8
Bernard Toone,8.9
Bernie Fryer,13.2
Bernie Harris,3.6
Bernie Williams,11.5
Bert Cook,8.5
Bevo Nordmann,13.0
Bill Bolger,10.7
Bill Bradley*,13.8
Bill Bridges,16.8
Bill Buntin,13.3
Bill Calhoun,12.7
Bill Cartwright,19.0
Bill Chamberlain,14.2
Bill Closs,10.4
Bill Curley,12.1
Bill Dinwiddie,10.4
Bill Ebben,1.1
Bill Edwards,-0.4
Bill Gabor,14.6
Bill Garnett,15.0
Bill Hanzlik,15.3
Bill Henry,
Bill Herman,
Bill Hewitt,11.2
Bill Hosket,18.4
Bill Jones,13.9
Bill Laimbeer,19.2
Bill Ligon,11.8
Bill Martin,11.5
Bill Mayfield,6.8
Bill McGill,21.5
Bill Melchionni,11.9
Bill Mlkvy,9.5
Bill Roberts,
Bill Robinzine,16.4
Bill Russell*,22.8
Bill Sharman*,19.8
Bill Smith,5.7
Bill Stricker,45.1
Bill Thieben,12.1
Bill Tosheff,12.5
Bill Turner,12.2
Bill Walton*,24.8
Bill Wennington,16.6
Bill Willoughby,13.8
Bill Zopf,9.6
Billy Cunningham*,21.3
Billy Donovan,8.7
Billy Hassett,
Billy Kenville,16.0
Billy Knight,20.1
Billy McKinney,15.6
Billy Owens,16.9
Billy Paultz,19.8
Billy Ray,24.1
Billy Reid,6.2
Billy Thomas,9.8
Billy Thompson,14.7
Bimbo Coles,14.8
Bingo Smith,16.3
Bird Averitt,11.5
Bismack Biyombo,15.2
Bison Dele,18.1
Blackie Towery,
Blaine Denning,18.9
Blair Rasmussen,16.0
Blake Ahearn,12.9
Blake Griffin,23.9
Blue Edwards,16.4
Bo Ellis,12.2
Bo Erias,8.9
Bo Kimble,9.6
Bo Lamar,12.8
Bo Outlaw,16.3
Bob Allen,6.8
Bob Anderegg,9.3
Bob Armstrong,7.8
Bob Arnzen,14.5
Bob Bigelow,21.4
Bob Boozer,19.9
Bob Brannum,12.4
Bob Brown,
Bob Burrow,13.1
Bob Carney,8.7
Bob Carpenter,
Bob Carrington,12.1
Bob Christian,14.5
Bob Cousy*,21.7
Bob Dandridge,19.1
Bob Davies*,18.5
Bob Davis,-1.0
Bob Doll,
Bob Donham,14.4
Bob Duffy,18.4
Bob Elliott,13.6
Bob Evans,
Bob Feerick,
Bob Ferry,17.0
Bob Greacen,9.0
Bob Gross,16.9
Bob Hansen,12.9
Bob Harris,14.1
Bob Harrison,10.5
Bob Hogsett,12.7
Bob Hopkins,15.1
Bob Houbregs*,22.0
Bob Kauffman,20.9
Bob Kinney,
Bob Knight,11.9
Bob Lanier*,24.8
Bob Lavoy,17.3
Bob Lochmueller,9.0
Bob Love,17.0
Bob Martin,6.9
Bob McAdoo*,25.8
Bob McCann,12.4
Bob McNeill,14.3
Bob Miller,25.0
Bob Naber,-10.4
Bob Nash,16.2
Bob Peterson,25.4
Bob Pettit*,28.2
Bob Portman,16.1
Bob Priddy,7.8
Bob Quick,17.1
Bob Riley,10.9
Bob Royer,
Bob Rule,24.2
Bob Santini,12.7
Bob Schafer,8.4
Bob Sims,9.4
Bob Sura,18.5
Bob Thornton,8.3
Bob Tough,
Bob Verga,13.3
Bob Warlick,13.5
Bob Weiss,15.8
Bob Wiesenhahn,7.5
Bob Wilkerson,12.5
Bob Williams,13.0
Bob Wilson,7.8
Bob Wood,
Boban Marjanovic,29.6
Bobby Brown,11.9
Bobby Cattage,10.5
Bobby Cook,
Bobby Hurley,10.4
Bobby Jackson,19.2
Bobby Jones,21.1
Bobby Lewis,14.4
Bobby Phills,16.8
Bobby Portis,14.9
Bobby Simmons,16.1
Bobby Smith,7.4
Bobby Wanzer*,20.5
Bobby Washington,15.2
Bobby Watson,
Bobby Wilson,20.4
Bojan Bogdanovic,14.7
Bones McKinney,9.4
Boniface N'Dong,11.0
Bonzi Wells,26.3
Boo Ellis,14.1
Boris Diaw,17.3
Boris Nachamkin,12.2
Bostjan Nachbar,14.5
Bracey Wright,13.8
Brad Branson,16.0
Brad Daugherty,23.0
Brad Davis,17.9
Brad Holland,14.3
Brad Lohaus,15.0
Brad Miller,21.2
Brad Sellers,13.7
Brad Wright,11.2
Bradley Beal,20.1
Brady Walker,15.5
Brandan Wright,25.7
Branden Dawson,7.1
Brandin Knight,-1.2
Brandon Armstrong,5.5
Brandon Bass,19.7
Brandon Davies,10.7
Brandon Hunter,12.6
Brandon Ingram,8.5
Brandon Jennings,19.7
Brandon Knight,18.5
Brandon Roy,24.0
Brandon Rush,15.2
Brandon Williams,24.4
Brant Weidner,5.4
Brendan Haywood,18.3
Brendan McCann,8.3
Brent Barry,19.3
Brent Price,17.5
Brent Scott,7.0
Brett Szabo,8.8
Brett Vroman,11.8
Brevin Knight,18.0
Brian Cardinal,19.4
Brian Cook,15.6
Brian Davis,9.2
Brian Evans,12.0
Brian Grant,17.5
Brian Heaney,8.3
Brian Howard,13.0
Brian Martin,3.8
Brian Oliver,9.9
Brian Quinnett,10.1
Brian Roberts,14.6
Brian Rowsom,15.7
Brian Scalabrine,13.5
Brian Shaw,15.5
Brian Skinner,16.5
Brian Taylor,17.6
Brian Winters,16.6
Briante Weber,39.3
Brice Johnson,17.2
Britton Johnsen,2.6
Brook Lopez,25.4
Brook Steppe,13.9
Brooks Thompson,16.9
Bruce Bowen,37.7
Bruce Douglas,5.7
Bruce Flowers,15.2
Bruce Hale,
Bruce Kuczenski,9.4
Bruce Seals,12.3
Bruno Caboclo,14.6
Bruno Sundov,22.4
Bryan Warrick,11.2
Bryant Reeves,17.3
Bryant Stith,14.4
Bryce Cotton,29.1
Bryce Dejean-Jones,9.6
Bryce Drew,12.4
Bryn Forbes,5.9
Bryon Russell,16.4
Bubba Wells,11.1
Bubba Wilson,2.1
Buck Johnson,13.9
Buck Williams,18.6
Bucky Bockhorn,11.3
Bucky McConnell,11.6
Bud Acton,9.5
Bud Grant,
Bud Koper,10.6
Bud Ogden,14.2
Bud Olsen,13.4
Bud Stallworth,12.2
Buddy Hield,14.9
Buddy Jeannette*,
Butch Beard,16.1
Butch Carter,14.9
Butch Feher,15.9
Butch Graves,-0.8
Butch Lee,15.7
Butch Van,
Byron Beck,13.2
Byron Dinkins,10.9
Byron Houston,13.8
Byron Irvin,17.5
Byron Mullens,16.1
Byron Scott,19.2
C.J. Kupec,12.7
C.J. McCollum,19.9
C.J. Miles,16.0
C.J. Watson,15.4
C.J. Wilcox,12.9
Cal Bowdler,15.8
Cal Christensen,13.7
Cal Ramsey,15.2
Calbert Cheaney,14.2
Caldwell Jones,13.4
Calvin Booth,39.8
Calvin Garrett,10.2
Calvin Murphy*,20.0
Calvin Natt,21.8
Cameron Bairstow,6.8
Cameron Payne,12.9
Campy Russell,19.0
Carey Scurry,18.3
Caris LeVert,12.2
Carl Bailey,-6.8
Carl Braun,17.8
Carl Henry,12.5
Carl Herrera,13.1
Carl Kilpatrick,22.7
Carl Landry,22.4
Carl McNulty,-9.7
Carl Nicks,12.1
Carl Shaeffer,
Carl Thomas,27.8
Carldell Johnson,8.9
Carlos Arroyo,18.8
Carlos Boozer,24.1
Carlos Clark,12.1
Carlos Delfino,13.6
Carlos Rogers,23.3
Carlos Terry,13.7
Carlton McKinney,0.6
Carmelo Anthony,24.8
Caron Butler,20.7
Carrick Felix,13.3
Cartier Martin,13.3
Casey Jacobsen,11.7
Casey Shaw,-14.9
Casper Ware,13.0
Cazzie Russell,17.6
Cedric Ball,10.8
Cedric Bozeman,-0.1
Cedric Ceballos,22.1
Cedric Henderson,22.2
Cedric Hunter,0.0
Cedric Jackson,19.2
Cedric Lewis,62.7
Cedric Maxwell,19.9
Cedric Simmons,18.0
Cedrick Hordges,10.7
Cezary Trybanski,-1.4
Chad Gallagher,66.8
Chad Kinch,8.0
Chandler Parsons,16.3
Channing Frye,18.1
Charles Barkley*,28.9
Charles Bradley,8.9
Charles Claxton,0.2
Charles Davis,13.9
Charles Dudley,16.1
Charles Jenkins,12.4
Charles Johnson,14.2
Charles Jones,15.1
Charles O'Bannon,13.3
Charles Oakley,16.5
Charles Pittman,11.3
Charles Shackleford,16.6
Charles Smith,19.5
Charles Thomas,6.1
Charley Shipp,
Charlie Bell,14.7
Charlie Black,1.1
Charlie Criss,14.8
Charlie Davis,12.3
Charlie Hardnett,16.2
Charlie Lowery,10.5
Charlie Parsley,
Charlie Paulk,11.5
Charlie Scott,19.0
Charlie Sitton,8.0
Charlie Tyra,13.5
Charlie Villanueva,18.6
Charlie Ward,17.5
Charlie Yelverton,10.3
Chase Budinger,14.9
Chasson Randle,17.7
Chauncey Billups,23.6
Cheese Johnson,9.4
Cheick Diallo,16.8
Cheikh Samb,12.0
Cherokee Parks,13.6
Chet Walker*,21.8
Chick Halbert,
Chick Reiser,
Chico Vaughn,13.2
Chinanu Onuaku,12.3
Chink Crossin,
Chips Sobek,
Chris Andersen,19.0
Chris Anstey,15.1
Chris Babb,3.7
Chris Bosh,25.0
Chris Carr,16.3
Chris Childs,16.4
Chris Copeland,17.6
Chris Corchiani,19.5
Chris Crawford,28.8
Chris Douglas-Roberts,12.2
Chris Dudley,13.2
Chris Duhon,12.9
Chris Engler,29.1
Chris Ford,14.6
Chris Garner,5.6
Chris Gatling,24.4
Chris Harris,4.0
Chris Herren,8.9
Chris Hunter,12.2
Chris Jefferies,33.3
Chris Jent,16.0
Chris Johnson,18.4
Chris Kaman,17.5
Chris King,13.1
Chris McCray,-20.7
Chris McCullough,16.8
Chris McNealy,13.7
Chris Mihm,16.6
Chris Mills,16.2
Chris Morris,17.8
Chris Mullin*,22.7
Chris Munk,14.5
Chris Owens,20.1
Chris Paul,30.0
Chris Porter,11.1
Chris Quinn,13.8
Chris Richard,7.9
Chris Robinson,11.4
Chris Singleton,8.8
Chris Smith,11.2
Chris Taft,15.6
Chris Washburn,12.2
Chris Webber,24.7
Chris Welp,12.4
Chris Whitney,17.1
Chris Wilcox,20.4
Chris Wright,18.6
Christian Eyenga,16.7
Christian Laettner,19.1
Christian Wood,16.4
Chubby Cox,1.6
Chuck Aleksinas,9.1
Chuck Cooper,12.6
Chuck Gilmur,
Chuck Grigsby,9.9
Chuck Hayes,18.0
Chuck Mencel,12.5
Chuck Mrazovich,
Chuck Nevitt,46.0
Chuck Noble,10.9
Chuck Osborne,4.7
Chuck Person,16.6
Chuck Share,22.0
Chuck Terry,8.8
Chuck Williams,10.4
Chuckie Williams,8.8
Chucky Atkins,17.4
Chucky Brown,13.7
Clarence Glover,14.0
Clarence Kea,17.3
Clarence Weatherspoon,18.1
Clark Kellogg,20.3
Claude English,3.8
Claude Gregory,23.0
Claude Overton,6.3
Claude Terry,15.2
Clay Johnson,12.8
Cleanthony Early,8.4
Clem Haskins,16.5
Clemon Johnson,16.8
Cleo Hill,9.1
Cleveland Buckner,15.7
Cliff Alexander,11.6
Cliff Anderson,13.2
Cliff Barker,10.8
Cliff Hagan*,22.7
Cliff Levingston,15.5
Cliff Meely,14.7
Cliff Pondexter,13.1
Cliff Robinson,18.5
Cliff Williams,-3.5
Clifford Lett,6.9
Clifford Ray,17.4
Clifford Robinson,18.8
Clifford Rozier,14.7
Clint Capela,21.4
Clint McDaniel,15.6
Clint Richardson,12.8
Clint Wager,
Clinton Smith,11.5
Clinton Wheeler,16.5
Clyde Drexler*,24.1
Clyde Lee,14.8
Clyde Lovellette*,23.5
Clyde Mayes,13.2
Coby Dietrick,13.9
Coby Karl,15.8
Cody Zeller,16.7
Cole Aldrich,21.3
Conner Henry,17.8
Connie Dierking,16.1
Connie Hawkins*,19.7
Connie Norman,19.4
Connie Rea,4.4
Connie Simmons,18.9
Corey Beck,12.6
Corey Benjamin,9.7
Corey Brewer,17.6
Corey Crowder,8.4
Corey Gaines,23.7
Corey Maggette,20.3
Corey Williams,9.3
Corie Blount,14.3
Corky Calhoun,13.7
Corky Devlin,12.2
Corliss Williamson,20.0
Cornelius Cash,12.0
Cornell Warner,14.5
Corny Thompson,6.0
Corsley Edwards,8.6
Cory Alexander,17.8
Cory Blackwell,6.4
Cory Carr,5.1
Cory Higgins,12.6
Cory Jefferson,13.2
Cory Joseph,15.5
Cotton Nash,11.8
Coty Clarke,23.9
Courtney Alexander,14.2
Courtney Fortson,11.4
Courtney Lee,14.6
Courtney Sims,19.8
Cozell McQueen,58.3
Craig Brackins,4.3
Craig Dykema,11.1
Craig Ehlo,17.5
Craig Hodges,14.9
Craig Neal,8.2
Craig Raymond,7.6
Craig Shelton,8.8
Craig Smith,16.9
Craig Spitzer,14.6
Cristiano Felicio,17.6
Cuonzo Martin,20.6
Curly Armstrong,
Curtis Borchardt,9.4
Curtis Kitchen,18.5
Curtis Perry,17.1
Curtis Rowe,15.6
Cuttino Mobley,17.7
D'Angelo Russell,15.3
D.C. Wilcutt,
D.J. Augustin,18.0
D.J. Kennedy,4.7
D.J. Stephens,16.1
D.J. Strawberry,6.2
D.J. White,25.9
DaJuan Summers,9.0
Daequan Cook,12.8
Dahntay Jones,14.7
Dajuan Wagner,17.2
Dale Davis,17.4
Dale Ellis,19.7
Dale Hamilton,
Dale Schlueter,15.8
Dale Wilkinson,0.5
Dalibor Bagaric,8.6
Dallas Comegys,11.9
Damian Jones,5.3
Damian Lillard,24.1
Damien Inglis,6.7
Damien Wilkins,13.4
Damion James,10.1
Damir Markota,5.0
Damjan Rudez,8.2
Damon Jones,15.5
Damon Stoudamire,18.1
Damone Brown,7.4
Dan Anderson,13.1
Dan Dickau,15.0
Dan Gadzuric,18.1
Dan Godfread,20.3
Dan Issel*,23.1
Dan King,
Dan Langhi,9.4
Dan Majerle,17.8
Dan McClintock,9.9
Dan O'Sullivan,30.3
Dan Roundfield,20.7
Dan Swartz,12.3
Dan Tieman,4.1
Dana Barros,20.9
Dane Suttle,15.3
Daniel Ewing,9.3
Daniel Gibson,13.2
Daniel Ochefu,6.6
Daniel Orton,14.0
Daniel Santiago,11.2
Danilo Gallinari,19.0
Danny Ainge,18.6
Danny Doyle,22.2
Danny Ferry,16.0
Danny Finn,13.9
Danny Fortson,24.4
Danny Granger,21.8
Danny Green,16.5
Danny Manning,19.8
Danny Schayes,18.4
Danny Vranes,11.2
Danny Wagner,
Danny Young,14.3
Dante Cunningham,14.9
Dante Exum,8.6
Danuel House,12.2
Darington Hobson,-3.3
Dario Saric,12.8
Darius Johnson-Odom,-6.7
Darius Miles,18.6
Darius Miller,9.0
Darius Morris,11.9
Darius Songaila,14.9
Darius Washington,9.0
Darko Milicic,16.3
Darnell Hillman,14.6
Darnell Jackson,12.3
Darnell Mee,15.3
Darnell Valentine,17.3
Darrall Imhoff,15.5
Darrell Allums,5.3
Darrell Armstrong,40.2
Darrell Arthur,15.7
Darrell Elston,-1.6
Darrell Griffith,16.1
Darrell Lockhart,1.6
Darrell Walker,15.9
Darren Collison,17.5
Darren Daye,16.4
Darren Morningstar,19.4
Darren Tillis,11.6
Darrick Martin,17.0
Darrin Hancock,18.3
Darrun Hilliard,10.7
Darryl Dawkins,19.5
Darryl Johnson,9.7
Darryl Watkins,10.8
Darvin Ham,22.5
Darwin Cook,15.0
Dave Batton,10.4
Dave Bing*,22.5
Dave Britton,18.0
Dave Budd,15.2
Dave Corzine,16.5
Dave Cowens*,19.3
Dave DeBusschere*,17.4
Dave Deutsch,2.4
Dave Fedor,2.2
Dave Feitl,11.9
Dave Gambee,19.5
Dave Greenwood,16.6
Dave Gunther,31.6
Dave Henderson,6.7
Dave Hoppen,13.2
Dave Jamerson,12.6
Dave Johnson,8.1
Dave Lattin,12.0
Dave Magley,3.9
Dave Meyers,15.4
Dave Minor,12.5
Dave Newmark,12.7
Dave Piontek,13.8
Dave Popson,11.6
Dave Robisch,17.9
Dave Schellhase,8.9
Dave Scholz,67.6
Dave Sorenson,15.2
Dave Stallworth,16.3
Dave Twardzik,16.3
Dave Wohl,16.0
Dave Zeller,9.1
David Andersen,13.8
David Benoit,13.9
David Burns,5.3
David Cooke,6.7
David Harrison,12.9
David Lee,24.0
David Noel,9.0
David Nwaba,12.1
David Pope,9.2
David Rivers,9.9
David Robinson*,31.0
David Stockton,10.8
David Thirdkill,15.4
David Thompson*,23.2
David Vanterpool,10.9
David Vaughn,23.3
David Wear,2.4
David Wesley,18.5
David West,20.4
David Wingate,35.8
David Wood,11.1
Davis Bertans,12.9
DeAndre Jordan,21.8
DeAndre Liggins,129.1
DeAndre' Bembry,8.8
DeJuan Blair,17.7
DeJuan Wheat,13.5
DeMar DeRozan,24.0
DeMarco Johnson,0.5
DeMarcus Cousins,26.5
DeMarcus Nelson,6.5
DeMarre Carroll,25.2
DeQuan Jones,8.4
DeSagana Diop,13.4
DeShawn Stevenson,12.9
DeWayne Scales,11.5
Dean Garrett,17.7
Dean Meminger,13.9
Dean Oliver,11.2
Dean Tolson,20.8
Dedric Willoughby,12.2
Dee Brown,17.2
Dee Gibson,
Dejounte Murray,9.6
Del Beshore,6.4
Delaney Rudd,11.8
Dell Curry,18.7
Dell Demps,17.1
Delon Wright,17.8
Delonte West,15.3
Demetris Nichols,15.7
Demetrius Calip,1.8
Demetrius Jackson,30.8
Deng Gai,0.0
Dennis Awtrey,13.5
Dennis Bell,11.2
Dennis Boyd,-4.0
Dennis DuVal,13.1
Dennis Hamilton,16.1
Dennis Hopson,17.2
Dennis Horner,6.6
Dennis Johnson*,17.0
Dennis Nutt,20.0
Dennis Rodman*,17.4
Dennis Schroder,16.1
Dennis Scott,16.3
Dennis Stewart,24.4
Denzel Valentine,7.3
DerMarr Johnson,17.3
Derek Anderson,17.1
Derek Fisher,14.8
Derek Grimm,7.9
Derek Harper,20.0
Derek Hood,-24.2
Derek Smith,21.8
Derek Strong,20.0
Dermie O'Connell,
Deron Williams,22.1
Derrek Dickey,14.0
Derrick Alston,11.8
Derrick Brown,16.0
Derrick Byars,14.9
Derrick Caracter,10.0
Derrick Chievous,13.5
Derrick Coleman,21.4
Derrick Dial,19.1
Derrick Favors,21.8
Derrick Gervin,22.9
Derrick Jones,12.0
Derrick McKey,15.7
Derrick Phelps,-17.3
Derrick Rose,23.5
Derrick Rowland,7.0
Derrick Williams,17.2
Derrick Zimmerman,5.5
Desmon Farmer,15.4
Desmond Ferguson,11.3
Desmond Mason,16.9
Desmond Penigar,12.9
Detlef Schrempf,20.3
Devean George,12.6
Devin Booker,14.6
Devin Brown,14.6
Devin Durrant,8.8
Devin Ebanks,19.4
Devin Gray,15.8
Devin Green,4.7
Devin Harris,21.6
Devyn Marble,5.9
Dewayne Dedmon,17.0
Dexter Boney,10.2
Dexter Cambridge,12.1
Dexter Pittman,17.0
Dexter Shouse,-6.8
Deyonta Davis,10.6
Diamond Stone,-1.2
Diante Garrett,9.0
Dick Atha,11.4
Dick Barnett,18.4
Dick Bunt,9.8
Dick Cunningham,11.7
Dick Dickey,9.6
Dick Duckett,8.0
Dick Farley,12.9
Dick Garmaker,16.6
Dick Garrett,11.8
Dick Gibbs,12.4
Dick Groat,18.2
Dick Hemric,13.8
Dick Knostman,17.4
Dick McGuire*,18.9
Dick Mehen,10.6
Dick Miller,4.4
Dick O'Keefe,
Dick Ricketts,10.6
Dick Rosenthal,13.7
Dick Schnittker,15.4
Dick Schulz,
Dick Snyder,17.4
Dick Surhoff,14.4
Dick Triptow,
Dick Van,16.5
Dickey Simpkins,13.4
Didier Ilunga-Mbenga,13.9
Dijon Thompson,22.0
Dike Eddleman,11.5
Dikembe Mutombo*,19.8
Dillard Crocker,13.2
Dino Radja,18.2
Dion Glover,14.0
Dion Waiters,14.5
Dionte Christmas,11.1
Dirk Minniefield,14.1
Dirk Nowitzki,28.1
Doc Rivers,20.4
Dolph Schayes*,25.4
Domantas Sabonis,6.9
Dominic McGuire,11.8
Dominic Pressley,5.9
Dominique Jones,12.4
Dominique Wilkins*,24.6
Don Ackerman,1.0
Don Adams,11.7
Don Anielak,1.8
Don Asmonga,-7.5
Don Barksdale*,16.7
Don Bielke,12.2
Don Boven,13.2
Don Buse,14.8
Don Carlson,
Don Chaney,13.6
Don Collins,15.5
Don Ford,11.7
Don Grate,
Don Hanrahan,14.1
Don Henriksen,12.9
Don Kojis,16.7
Don Lofgran,13.9
Don MacLean,17.8
Don May,17.1
Don Nelson*,18.5
Don Ohl,15.3
Don Otten,20.1
Don Putman,
Don Ray,
Don Rehfeldt,16.2
Don Reid,16.0
Don Savage,7.2
Don Smith,12.6
Don Sunderlage,12.4
Donald Hodge,13.8
Donald Royal,15.2
Donald Sloan,13.9
Donald Whiteside,7.6
Donatas Motiejunas,14.4
Donell Taylor,10.3
Donnell Harvey,35.2
Donnie Boyce,17.7
Donnie Butcher,11.4
Donnie Freeman,14.5
Donny Marshall,10.5
Donta Smith,12.7
Dontae' Jones,3.8
Donte Greene,11.8
Dontell Jefferson,12.7
Dontonio Wingfield,14.2
Donyell Marshall,19.9
Dorell Wright,16.0
Dorian Finney-Smith,7.7
Dorie Murrey,16.3
Doron Lamb,7.5
Doug Bolstorff,2.2
Doug Christie,16.9
Doug Collins,16.9
Doug Edwards,10.1
Doug Kistler,12.1
Doug Lee,18.1
Doug McDermott,11.3
Doug Overton,19.0
Doug Roth,8.2
Doug Sims,5.0
Doug Smith,13.5
Doug West,14.6
Dragan Bender,5.3
Dragan Tarlac,5.6
Draymond Green,19.3
Drazen Petrovic*,17.3
Drew Barry,10.7
Drew Gooden,19.7
Drew Gordon,3.7
Duane Causwell,14.2
Duane Cooper,7.9
Duane Ferrell,15.6
Duane Klueh,
Duane Washington,16.1
Duck Williams,8.6
Dudley Bradley,13.7
Duje Dukan,4.2
Dwayne Jones,11.1
Dwayne McClain,8.3
Dwayne Morton,11.0
Dwayne Polee,-11.4
Dwayne Schintzius,12.5
Dwayne Whitfield,9.3
Dwight Anderson,10.6
Dwight Buycks,13.1
Dwight Davis,13.6
Dwight Howard,26.1
Dwight Jones,15.0
Dwight Powell,34.9
Dwight Waller,2.3
Dwyane Wade,30.4
Dyron Nix,8.2
E'Twaun Moore,12.1
E.C. Coleman,11.3
Earl Barron,17.3
Earl Boykins,44.0
Earl Clark,13.5
Earl Cureton,13.8
Earl Dodd,
Earl Evans,10.3
Earl Jones,2.0
Earl Lloyd*,12.4
Earl Monroe*,19.3
Earl Tatum,16.5
Earl Watson,17.3
Earl Williams,15.3
Earnie Killum,-5.3
Easy Parham,
Ed Bartels,
Ed Beach,
Ed Biedenbach,2.7
Ed Burton,12.6
Ed Conlin,15.8
Ed Dahler,10.3
Ed Davis,20.0
Ed Earle,15.0
Ed Fleming,16.4
Ed Gayda,
Ed Gray,13.0
Ed Horton,14.5
Ed Kalafat,12.6
Ed Leede,
Ed Macauley*,24.3
Ed Manning,12.3
Ed Mikan,12.6
Ed Nealy,12.9
Ed O'Bannon,10.2
Ed Peterson,
Ed Pinckney,17.7
Ed Rains,8.2
Ed Ratleff,14.9
Ed Sadowski,
Ed Searcy,5.6
Ed Sherod,11.4
Ed Smith,8.5
Ed Stanczak,
Ed Stokes,6.4
Eddie Basden,10.3
Eddie Gill,15.5
Eddie Griffin,15.9
Eddie House,16.3
Eddie Hughes,11.4
Eddie Johnson,19.4
Eddie Jones,19.9
Eddie Jordan,16.6
Eddie Lee,21.2
Eddie Mast,10.7
Eddie Miles,16.6
Eddie Miller,21.3
Eddie Owens,8.8
Eddie Phillips,7.5
Eddie Robinson,17.9
Eddy Curry,17.5
Edgar Jones,17.6
Edmund Lawrence,19.4
Eduardo Najera,14.8
Edwin Ubiles,7.3
Edy Tavares,22.6
Efthimi Rentzias,10.6
Ekpe Udoh,14.3
Elden Campbell,19.5
Eldridge Recasner,15.3
Elfrid Payton,17.2
Elgin Baylor*,28.2
Elias Harris,7.6
Elijah Millsap,7.9
Elliot Perry,27.3
Elliot Williams,18.8
Elmer Behnke,7.8
Elmer Bennett,32.5
Elmer Gainer,
Elmore Smith,19.9
Elmore Spencer,10.7
Elston Turner,10.9
Elton Brand,26.5
Elvin Hayes*,19.8
Em Bryant,13.1
Emanual Davis,11.8
Emeka Okafor,20.1
Emmanuel Mudiay,10.9
Enes Kanter,24.9
Ennis Whatley,17.8
Eric Anderson,15.2
Eric Bledsoe,20.6
Eric Dawson,14.6
Eric Fernsten,15.0
Eric Gordon,19.2
Eric Johnson,4.6
Eric Leckner,12.2
Eric Maynor,12.3
Eric McWilliams,5.9
Eric Mobley,14.3
Eric Money,16.3
Eric Montross,12.1
Eric Moreland,40.8
Eric Murdock,20.3
Eric Piatkowski,18.2
Eric Riley,14.7
Eric Snow,15.6
Eric Washington,9.6
Eric White,15.2
Eric Williams,17.0
Erick Barkley,10.3
Erick Dampier,20.1
Erick Green,14.7
Erick Strickland,18.0
Erik Daniels,4.6
Erik Murphy,0.2
Ernest Brown,-9.7
Ernie Barrett,11.2
Ernie Beck,13.6
Ernie DiGregorio,13.6
Ernie Grunfeld,17.2
Ernie Vandeweghe,18.8
Ersan Ilyasova,20.5
Ervin Johnson,16.1
Erwin Mueller,13.3
Essie Hollis,11.8
Esteban Batista,12.5
Etan Thomas,16.4
Etdrick Bohannon,22.4
Eugene Jeter,11.1
Evan Eschmeyer,11.8
Evan Fournier,14.6
Evan Turner,13.6
Everette Stephens,44.3
Evers Burns,9.7
Evric Gray,2.8
Fab Melo,4.9
Fabricio Oberto,13.8
Fat Lever,20.8
Fatty Taylor,11.1
Felipe Lopez,13.9
Felton Spencer,17.1
Fennis Dembo,7.8
Fernando Martin,-0.9
Festus Ezeli,17.7
Floyd Volker,
Flynn Robinson,20.8
Foots Walker,16.0
Forest Able,-41.1
Forrest McKenzie,-2.2
Fran Curran,
Francisco Elson,11.2
Francisco Garcia,15.1
Frank Brickowski,17.0
Frank Gates,
Frank Johnson,15.0
Frank Kaminsky,13.0
Frank Kendrick,20.3
Frank Kornet,6.2
Frank Kudelka,14.2
Frank Oleynick,10.9
Frank Radovich,9.8
Frank Ramsey*,19.5
Frank Reddout,42.5
Frank Russell,14.5
Frank Schade,5.8
Frank Selvy,14.4
Frank Williams,10.7
Frankie Brian,15.7
Frankie King,15.0
Frankie Sanders,16.4
Franklin Edwards,18.7
Fred Brown,20.4
Fred Carter,15.9
Fred Christ,16.7
Fred Cofield,7.9
Fred Diute,-2.3
Fred Foster,12.4
Fred Hetzel,15.8
Fred Hilton,11.4
Fred Hoiberg,16.7
Fred Jones,13.3
Fred LaCour,13.8
Fred Roberts,15.5
Fred Saunders,13.2
Fred Schaus,16.5
Fred Scolari,16.1
Fred Taylor,10.9
Fred VanVleet,10.5
Fred Vinson,1.0
Freddie Boyd,12.6
Freddie Crawford,14.6
Freddie Lewis,11.3
Freeman Williams,20.2
Furkan Aldemir,12.0
Gabe Pruitt,8.3
Gail Goodrich*,20.1
Gal Mekel,5.4
Gani Lawal,-9.1
Gar Heard,17.0
Garfield Smith,8.9
Garret Siler,13.5
Garrett Temple,15.4
Garry Witts,9.5
Garth Joseph,11.3
Gary Alcorn,7.6
Gary Alexander,10.7
Gary Bergen,4.7
Gary Bradds,18.0
Gary Brokaw,16.3
Gary Forbes,13.3
Gary Freeman,15.4
Gary Garland,10.2
Gary Grant,22.8
Gary Gray,5.4
Gary Gregor,12.7
Gary Harris,16.5
Gary Hill,7.8
Gary Leonard,32.4
Gary Melchionni,13.0
Gary Neal,15.1
Gary Payton,4.5
Gary Payton*,23.6
Gary Phillips,8.7
Gary Plummer,8.6
Gary Suiter,6.0
Gary Trent,20.8
Gary Voce,19.2
Gary Zeller,7.2
Gaylon Nickerson,14.3
Geert Hammink,20.1
Gene Banks,16.7
Gene Berce,
Gene Conley,11.0
Gene Dyker,0.4
Gene Englund,
Gene Guarilia,11.3
Gene James,
Gene Ollrich,
Gene Rhodes,11.2
Gene Short,10.1
Gene Shue,15.9
Gene Stump,
Gene Tormohlen,15.4
Gene Vance,5.9
Gene Wiley,10.4
Geno Carlisle,18.1
Geoff Crompton,11.0
Geoff Huston,14.0
Geoff Petrie,17.4
George Blaney,7.8
George Bon,0.1
George Brown,-7.2
George Carter,21.3
George Dempsey,15.0
George Feigenbaum,2.2
George Gervin*,24.7
George Hill,21.5
George Johnson,17.4
George Kaftan,14.7
George Karl,9.5
George King,16.6
George Lee,77.0
George Lehmann,11.3
George Lynch,16.8
George McCloud,17.0
George McGinnis,21.3
George McLeod,2.9
George Mikan*,28.7
George Nostrand,
George Patterson,7.9
George Ratkovicz,16.4
George Reynolds,18.8
George Senesky,13.3
George Thompson,12.7
George Trapp,15.6
George Wilson,14.5
George Yardley*,23.3
George Zidek,20.3
Georges Niang,0.1
Georgi Glouchkov,5.7
Georgios Papagiannis,12.7
Gerald Brown,7.3
Gerald Fitch,10.2
Gerald Glass,15.9
Gerald Green,76.3
Gerald Henderson,16.4
Gerald Madkins,9.8
Gerald Paddio,16.3
Gerald Wallace,21.3
Gerald Wilkins,16.2
Gerard King,13.6
Gerry Calabrese,9.4
Gerry Ward,8.9
Gheorghe Muresan,21.0
Giannis Antetokounmpo,26.1
Gil McGregor,6.8
Gilbert Arenas,24.0
Glen Davis,15.0
Glen Gondrezick,16.7
Glen Rice,19.7
Glen Selbo,
Glenn Hagan,18.1
Glenn Hansen,15.3
Glenn McDonald,11.0
Glenn Mosley,12.2
Glenn Robinson,20.1
God Shammgod,9.2
Goo Kennedy,7.8
Goran Dragic,21.4
Gordan Giricek,16.4
Gordon Hayward,22.2
Gorgui Dieng,17.2
Grady O'Malley,8.6
Grant Gondrezick,11.8
Grant Hill,25.5
Grant Jerrett,13.6
Grant Long,16.2
Granville Waiters,10.4
Greg Anderson,26.4
Greg Anthony,18.6
Greg Ballard,18.1
Greg Buckner,13.7
Greg Bunch,9.2
Greg Butler,4.7
Greg Deane,4.5
Greg Dreiling,10.5
Greg Fillmore,10.3
Greg Foster,14.7
Greg Graham,13.1
Greg Grant,13.3
Greg Griffin,6.8
Greg Howard,10.8
Greg Hyder,8.7
Greg Jackson,7.6
Greg Kelser,16.1
Greg Kite,7.7
Greg Lee,12.8
Greg Minor,14.7
Greg Monroe,22.0
Greg Oden,23.1
Greg Ostertag,15.3
Greg Smith,16.1
Greg Stiemsma,13.6
Greg Stokes,10.6
Greg Sutton,11.0
Greivis Vasquez,16.3
Guillermo Diaz,9.9
Gundars Vetra,13.6
Gus Bailey,11.9
Gus Gerard,26.3
Gus Johnson*,18.9
Gus Williams,21.8
Gustavo Ayon,16.7
Guy Morgan,9.9
Guy Rodgers*,17.9
Guy Rucker,7.8
Guy Sparrow,12.5
Guy Williams,14.7
Ha Seung-Jin,6.9
Hakeem Olajuwon*,27.3
Hakim Warrick,28.8
Hal Greer*,17.7
Hal Lear,1.0
Hal Uplinger,10.7
Hamady N'Diaye,5.3
Hamed Haddadi,19.7
Hank DeZonie,
Hank Finkel,17.5
Hank McDowell,10.7
Hanno Mottola,8.4
Happy Hairston,20.0
Harold Ellis,18.1
Harold Fox,10.0
Harold Jamison,13.9
Harold Keeling,16.1
Harold Miner,14.3
Harold Pressley,15.7
Harrison Barnes,16.3
Harry Barnes,2.4
Harry Boykoff,
Harry Davis,10.6
Harry Donovan,
Harry Gallatin*,24.1
Harthorne Wingo,14.3
Harvey Catchings,12.1
Harvey Grant,16.5
Harvey Marlatt,9.5
Hasheem Thabeet,16.4
Hassan Adams,13.0
Hassan Whiteside,26.2
Hawkeye Whitney,14.0
Haywoode Workman,26.1
Hedo Turkoglu,17.8
Henry Akin,8.5
Henry Bibby,15.7
Henry Dickerson,8.5
Henry Ellenson,7.5
Henry James,17.4
Henry Sims,29.2
Henry Turner,14.2
Henry Walker,14.9
Henry Ward,10.3
Herb Scherer,3.9
Herb White,8.4
Herb Williams,17.9
Herm Gilliam,16.2
Herm Hedderick,-0.8
Herm Schaefer,
Hersey Hawkins,19.4
Hilton Armstrong,17.0
Hiram Fuller,3.6
Hollis Copeland,11.0
Hollis Thompson,10.9
Hook Dillon,
Hoot Gibson,
Horace Grant,20.6
Horace Jenkins,10.2
Horace Walker,10.2
Horacio Llamas,10.5
Hot Rod,19.0
Howard Carter,12.0
Howard Eisley,14.1
Howard Komives,13.0
Howard Nathan,11.3
Howard Porter,18.3
Howard Wood,12.0
Howard Wright,34.8
Howie Carl,9.4
Howie Janotta,
Howie Jolliff,9.0
Howie Montgomery,9.9
Howie Schultz,8.1
Howie Shannon,
Hub Reed,13.0
Hubert Davis,14.8
Hubie White,6.3
Hutch Jones,13.0
Ian Clark,13.1
Ian Lockhart,76.3
Ian Mahinmi,35.3
Ibo Kutluay,-12.9
Igor Rakocevic,8.4
Ike Borsavage,
Ike Diogu,24.9
Iman Shumpert,11.9
Ime Udoka,12.1
Ira Bowman,16.4
Ira Newble,14.9
Ira Terrell,14.1
Irv Bemoras,12.7
Irv Kiffin,3.7
Irving Thomas,7.3
Isaac Austin,16.8
Isaac Fontaine,-0.9
Isaac Walthour,-5.4
Isaiah Canaan,12.8
Isaiah Morris,10.6
Isaiah Rider,16.3
Isaiah Taylor,0.3
Isaiah Thomas,26.5
Isaiah Whitehead,7.5
Isaiah Wilson,12.6
Ish Smith,16.7
Isiah Thomas*,22.2
Ivan Johnson,15.7
Ivan McFarlin,12.2
Ivano Newbill,7.6
Ivica Zubac,17.0
J.J. Anderson,14.2
J.J. Barea,17.2
J.J. Hickson,20.2
J.J. O'Brien,1.3
J.J. Redick,17.5
J.R. Bremer,12.7
J.R. Giddens,26.0
J.R. Henderson,9.0
J.R. Reid,17.6
J.R. Smith,18.1
JaJuan Johnson,11.4
JaKarr Sampson,9.4
JaMychal Green,15.8
JaVale McGee,25.2
Jabari Brown,11.0
Jabari Parker,19.1
Jabari Smith,17.1
Jack Burmaster,
Jack Coleman,18.2
Jack Cooley,11.4
Jack Cotton,
Jack Foley,17.9
Jack George,13.6
Jack Givens,13.0
Jack Haley,19.6
Jack Kerris,16.1
Jack Kiley,3.7
Jack Marin,18.2
Jack McCloskey,7.8
Jack McMahon,14.9
Jack Molinas,19.2
Jack Nichols,16.8
Jack Parkinson,
Jack Parr,7.9
Jack Phelan,
Jack Sikma,20.6
Jack Smiley,
Jack Stephens,13.3
Jack Toomay,
Jack Turner,10.5
Jack Twyman*,21.3
Jackie Butler,90.3
Jackie Dinkins,13.7
Jackie Moore,11.6
Jackie Moreland,14.5
Jackie Ridgle,13.7
Jackie Robinson,17.1
Jackson Vroman,9.7
Jacky Dorsey,14.4
Jacque Vaughn,13.3
Jae Crowder,15.8
Jahidi White,15.7
Jahlil Okafor,17.1
Jake Bornheimer,
Jake Carter,
Jake Fendley,10.9
Jake Ford,16.2
Jake Jones,9.9
Jake Layman,4.9
Jake Tsakalidis,17.3
Jake Voskuhl,13.9
Jakob Poeltl,12.2
Jalen Rose,18.4
Jamaal Franklin,4.9
Jamaal Magloire,18.8
Jamaal Tinsley,18.6
Jamaal Wilkes*,18.0
Jamal Crawford,18.4
Jamal Mashburn,18.0
Jamal Murray,11.9
Jamal Robinson,-1.9
Jamal Sampson,24.4
Jamario Moon,15.0
Jameer Nelson,20.6
Jamel Thomas,17.7
James Anderson,14.2
James Augustine,16.6
James Bailey,16.0
James Blackwell,14.2
James Collins,15.3
James Cotton,12.5
James Donaldson,16.0
James Edwards,18.2
James Ennis,18.3
James Harden,27.3
James Hardy,11.9
James Johnson,18.5
James Jones,15.4
James Lang,6.6
James Michael,17.7
James Nunnally,6.2
James Phelan,-4.8
James Posey,18.8
James Ray,11.9
James Robinson,12.7
James Scott,-4.1
James Silas,19.4
James Singleton,19.6
James Southerland,17.7
James Thomas,21.8
James White,14.6
James Wilkes,11.8
James Worthy*,20.4
James Young,10.0
JamesOn Curry,
Jamie Feick,16.3
Jamie Waller,7.1
Jamie Watson,11.5
Jamison Brewer,13.4
Jan Van,12.0
Jan Vesely,14.5
Jannero Pargo,18.9
Jared Cunningham,14.8
Jared Dudley,15.6
Jared Jeffries,11.6
Jared Reiner,4.8
Jared Sullinger,17.9
Jarell Eddie,11.0
Jarell Martin,14.0
Jaren Jackson,12.5
Jarnell Stokes,31.5
Jarrett Jack,17.9
Jarrod Uthoff,13.9
Jarron Collins,11.5
Jarvis Hayes,13.0
Jarvis Varnado,13.4
Jason Caffey,14.4
Jason Collier,15.0
Jason Collins,10.7
Jason Hart,16.9
Jason Kapono,13.8
Jason Kidd,22.5
Jason Lawson,21.5
Jason Maxiell,16.7
Jason Miskiri,-12.4
Jason Richardson,19.2
Jason Sasser,14.3
Jason Smith,16.8
Jason Terry,19.3
Jason Thompson,16.4
Jason Williams,17.1
Javaris Crittenton,13.2
Jawad Williams,14.1
Jawann Oldham,14.5
Jay Arnette,8.4
Jay Carty,10.1
Jay Edwards,7.8
Jay Guidinger,10.4
Jay Humphries,17.4
Jay Miller,1.5
Jay Murphy,13.5
Jay Taylor,9.5
Jay Vincent,18.7
Jay Williams,12.2
Jaylen Brown,10.3
Jayson Williams,18.7
Jeff Adrien,18.4
Jeff Ayres,14.5
Jeff Cook,14.4
Jeff Cross,1.5
Jeff Foote,-0.9
Jeff Foster,25.6
Jeff Grayer,13.5
Jeff Green,15.0
Jeff Halliburton,15.0
Jeff Hornacek,19.6
Jeff Judkins,14.5
Jeff Lamp,14.4
Jeff Lebo,5.8
Jeff Malone,18.5
Jeff Martin,10.0
Jeff McInnis,15.6
Jeff Mullins,18.9
Jeff Nordgaard,11.6
Jeff Ruland,20.0
Jeff Sanders,13.8
Jeff Slade,5.8
Jeff Taylor,11.7
Jeff Teague,20.6
Jeff Trepagnier,17.5
Jeff Turner,11.4
Jeff Webb,13.3
Jeff Webster,7.0
Jeff Wilkins,11.6
Jeff Withey,18.8
Jeffery Taylor,10.3
Jeffrey Sheppard,8.7
Jelani McCoy,21.1
Jerald Honeycutt,11.8
Jerami Grant,12.6
Jerel McNeal,1.2
Jeremy Evans,20.5
Jeremy Lamb,17.0
Jeremy Lin,19.9
Jeremy Pargo,11.3
Jeremy Richardson,14.5
Jeremy Tyler,13.0
Jerian Grant,13.1
Jermaine Jackson,12.3
Jermaine O'Neal,22.9
Jermaine Taylor,13.3
Jermareo Davidson,12.3
Jerome Allen,8.9
Jerome Anderson,13.0
Jerome Beasley,5.9
Jerome Dyson,11.3
Jerome Harmon,10.1
Jerome Henderson,37.7
Jerome James,45.3
Jerome Jordan,18.3
Jerome Kersey,18.5
Jerome Lane,19.1
Jerome Moiso,17.0
Jerome Whitehead,16.7
Jerome Williams,18.2
Jerrelle Benimon,4.7
Jerrod Mustaf,13.8
Jerry Baskerville,8.0
Jerry Bird,12.9
Jerry Chambers,13.7
Jerry Eaves,13.0
Jerry Fleishman,13.7
Jerry Fowler,3.8
Jerry Greenspan,15.7
Jerry Grote,14.9
Jerry Harkness,11.9
Jerry Lucas*,20.9
Jerry Nagel,
Jerry Paulson,7.9
Jerry Reynolds,17.8
Jerry Rullo,
Jerry Sichting,13.9
Jerry Sloan*,14.9
Jerry Smith,7.8
Jerry Stackhouse,21.8
Jerry West*,25.0
Jerryd Bayless,17.7
Jeryl Sasser,8.3
Jesse Arnelle,12.6
Jesse Branson,10.3
Jesse Dark,11.0
Jim Ard,11.3
Jim Baechtold,15.3
Jim Barnes,14.0
Jim Barnett,17.0
Jim Bostic,18.9
Jim Brasco,9.7
Jim Brewer,14.9
Jim Brogan,13.4
Jim Browne,
Jim Burns,4.3
Jim Caldwell,0.0
Jim Chones,16.1
Jim Cleamons,14.9
Jim Creighton,5.5
Jim Davis,17.3
Jim Eakins,14.6
Jim Farmer,15.5
Jim Fox,19.5
Jim Fritsche,8.0
Jim Garvin,3.9
Jim Grandholm,16.5
Jim Holstein,11.6
Jim Jackson,18.9
Jim Johnstone,5.6
Jim King,14.6
Jim Krebs,14.2
Jim Lampley,8.3
Jim Les,14.7
Jim Loscutoff,12.7
Jim Luisi,7.6
Jim Marsh,8.6
Jim McDaniels,13.5
Jim McElroy,16.2
Jim McIlvaine,11.1
Jim McMillian,15.6
Jim Mooney,9.5
Jim Neal,9.9
Jim Nolan,
Jim Owens,18.1
Jim Palmer,13.9
Jim Paxson,20.1
Jim Petersen,12.7
Jim Pollard*,16.4
Jim Price,19.7
Jim Ray,1.8
Jim Reid,10.6
Jim Riffey,
Jim Rowinski,18.8
Jim Seminoff,
Jim Slaughter,10.1
Jim Smith,14.2
Jim Spanarkel,17.3
Jim Thomas,13.0
Jim Tucker,11.2
Jim Walsh,5.0
Jim Ware,6.4
Jim Washington,14.7
Jim Zoet,-0.8
Jimmer Fredette,47.4
Jimmy Butler,25.1
Jimmy Carruth,9.7
Jimmy Collins,13.0
Jimmy Darden,
Jimmy Darrow,5.9
Jimmy Jones,13.2
Jimmy King,12.7
Jimmy Oliver,19.7
Jimmy Walker,16.4
Jiri Welsch,12.6
Jo Jo,16.2
Joakim Noah,20.0
Joao Vianna,1.0
Joby Wright,9.2
Jodie Meeks,15.8
Joe Alexander,10.1
Joe Arlauckas,7.9
Joe Barry,20.1
Joe Binion,12.0
Joe Bradley,
Joe Bryant,14.1
Joe Buckhalter,14.5
Joe Caldwell,17.3
Joe Cooke,10.4
Joe Cooper,13.2
Joe Courtney,17.9
Joe Crawford,10.8
Joe Crispin,19.6
Joe Dolhon,
Joe Dumars*,18.0
Joe Ellis,13.6
Joe Fulks*,11.8
Joe Graboski,17.3
Joe Harris,9.0
Joe Hassett,16.0
Joe Holland,11.5
Joe Holup,12.7
Joe Hutton,8.0
Joe Ingles,12.4
Joe Johnson,19.5
Joe Kennedy,9.1
Joe Kleine,13.5
Joe Kopicki,15.3
Joe McNamee,
Joe Meriweather,14.5
Joe Mullaney,
Joe Pace,16.5
Joe Reaves,10.8
Joe Roberts,10.3
Joe Ruklick,13.3
Joe Smith,17.2
Joe Smyth,12.5
Joe Stephens,17.7
Joe Strawder,12.3
Joe Thomas,4.3
Joe Wolf,12.9
Joe Young,11.4
Joel Anthony,14.7
Joel Bolomboy,19.7
Joel Embiid,24.1
Joel Freeland,12.2
Joel Kramer,11.8
Joel Przybilla,15.5
Joey Dorsey,16.1
Joey Graham,12.9
Joffrey Lauvergne,15.7
Johan Petro,11.6
John Amaechi,13.2
John Arthurs,11.3
John Bagley,16.0
John Barber,4.2
John Barnhill,11.8
John Battle,16.4
John Block,17.6
John Brisker,17.3
John Brown,13.9
John Celestand,2.7
John Chaney,
John Coker,37.3
John Coughran,6.0
John Crotty,37.0
John Douglas,12.1
John Drew,25.3
John Duren,8.2
John Edwards,6.4
John Fairchild,3.9
John Garris,18.5
John Gianelli,13.0
John Greig,19.9
John Hargis,
John Havlicek*,20.8
John Henson,18.6
John Hummer,12.2
John Jenkins,17.3
John Johnson,16.8
John Kuester,12.2
John Lambert,24.5
John Laskowski,11.3
John Logan,
John Long,17.4
John Lucas,19.4
John Mahnken,10.8
John Mandic,
John McConathy,1.7
John McCullough,30.7
John Mengelt,19.4
John Morton,12.2
John O'Boyle,3.4
John Oldham,
John Olive,2.0
John Paxson,14.0
John Pilch,-2.6
John Pinone,7.8
John Pritchard,
John Rennicke,-1.3
John Richter,8.1
John Roche,13.9
John Rudd,8.2
John Rudometkin,16.5
John Salley,14.7
John Salmons,17.6
John Schweitz,5.8
John Shasky,12.7
John Shumate,19.0
John Starks,16.4
John Stockton*,23.9
John Stroeder,18.4
John Stroud,6.4
John Thomas,13.7
John Thompson*,14.8
John Trapp,12.4
John Tresvant,22.7
John Tschogl,7.8
John Turner,7.8
John Vallely,12.8
John Wall,23.2
John Wallace,15.9
John Warren,14.0
John Wetzel,12.2
John Williams,18.8
John Williamson,18.5
John Windsor,12.5
Johnny Austin,5.7
Johnny Baum,13.4
Johnny Cox,10.3
Johnny Davis,16.8
Johnny Dawkins,22.8
Johnny Egan,15.4
Johnny Ezersky,
Johnny Green,19.7
Johnny High,10.8
Johnny Horan,2.3
Johnny Jones,9.0
Johnny Macknowski,
Johnny McCarthy,10.5
Johnny Moore,18.3
Johnny Neumann,19.8
Johnny Newman,16.9
Johnny Norlander,
Johnny O'Bryant,15.5
Johnny Orr,
Johnny Payak,11.9
Johnny Rogers,10.5
Johnny Taylor,9.9
Jon Barry,17.9
Jon Brockman,12.4
Jon Koncak,13.0
Jon Leuer,17.6
Jon McGlocklin,16.7
Jon Sundvold,14.5
Jonas Jerebko,15.7
Jonas Valanciunas,22.6
Jonathan Bender,26.4
Jonathan Gibson,9.5
Jonathan Kerner,-15.2
Jonathon Simmons,11.9
Jonny Flynn,13.0
Jordan Adams,17.3
Jordan Clarkson,16.9
Jordan Crawford,17.6
Jordan Farmar,17.4
Jordan Hamilton,16.9
Jordan Hill,19.3
Jordan McRae,14.2
Jordan Mickey,15.3
Jordan Williams,14.5
Jorge Garbajosa,12.1
Jorge Gutierrez,19.1
Jose Calderon,20.5
Jose Ortiz,16.0
Jose Slaughter,10.5
Joseph Forte,3.4
Josh Akognon,15.3
Josh Boone,14.8
Josh Childress,17.8
Josh Davis,33.7
Josh Grant,11.7
Josh Harrellson,13.7
Josh Howard,20.0
Josh Huestis,26.1
Josh McRoberts,20.3
Josh Powell,12.0
Josh Richardson,11.4
Josh Selby,3.3
Josh Smith,21.1
Jrue Holiday,19.7
Juan Carlos,11.9
Juan Dixon,15.2
Juan Hernangomez,13.3
Juaquin Hawkins,7.3
Jud Buechler,14.9
Julian Wright,15.4
Julius Erving*,25.9
Julius Hodge,16.0
Julius Nwosu,6.8
Julius Randle,16.3
Julyan Stone,13.0
Jumaine Jones,14.2
Junior Bridgeman,18.8
Junior Burrough,9.0
Junior Harrington,8.9
Justin Anderson,14.7
Justin Dentmon,5.7
Justin Hamilton,18.0
Justin Harper,6.9
Justin Holiday,12.7
Justin Reed,13.7
Justin Williams,17.3
Justise Winslow,8.4
Justus Thigpen,20.6
Jusuf Nurkic,21.1
Juwan Howard,17.2
K.C. Jones*,12.6
K.J. McDaniels,12.5
Kalin Lucas,-0.7
Kaniel Dickens,23.1
Kannard Johnson,-4.6
Kareem Abdul-Jabbar*,29.9
Kareem Rush,11.0
Karl Malone*,28.9
Karl-Anthony Towns,26.0
Kasib Powell,9.0
Kawhi Leonard,27.5
Kay Felder,11.2
Kebu Stewart,14.0
Kedrick Brown,13.0
Keith Appling,-4.8
Keith Askins,13.5
Keith Benson,6.0
Keith Bogans,12.5
Keith Booth,13.8
Keith Closs,17.5
Keith Edmonson,16.2
Keith Erickson,15.3
Keith Herron,13.4
Keith Jennings,18.5
Keith Langford,-2.4
Keith Lee,13.8
Keith McCord,7.9
Keith McLeod,12.3
Keith Owens,10.3
Keith Smart,0.0
Keith Smith,6.0
Keith Starr,3.7
Keith Tower,7.5
Keith Van,19.6
Kelenna Azubuike,19.8
Kelly McCarty,31.7
Kelly Olynyk,16.3
Kelly Oubre,9.1
Kelly Tripucka,19.8
Kelvin Cato,15.9
Kelvin Ransey,16.5
Kelvin Upshaw,17.2
Kemba Walker,21.3
Ken Austin,5.6
Ken Bannister,17.9
Ken Boyd,25.3
Ken Charles,12.5
Ken Durrett,13.0
Ken Green,19.3
Ken Johnson,9.3
Ken Mayfield,7.3
Ken McBride,7.9
Ken Menke,
Ken Murray,7.9
Ken Norman,16.4
Ken Rohloff,-9.6
Ken Wilburn,16.2
Kendall Gill,19.6
Kendall Marshall,12.6
Kendrick Perkins,22.8
Kennard Winchester,21.4
Kenneth Faried,21.9
Kenny Anderson,20.4
Kenny Battle,20.7
Kenny Carr,17.3
Kenny Dennard,11.1
Kenny Fields,16.6
Kenny Gattison,15.3
Kenny Green,11.4
Kenny Higgs,12.4
Kenny McIntosh,16.9
Kenny Natt,9.1
Kenny Payne,14.2
Kenny Rollins,7.9
Kenny Sailors,
Kenny Satterfield,11.5
Kenny Sears,22.6
Kenny Smith,18.3
Kenny Thomas,18.9
Kenny Walker,13.3
Kenny Williams,17.7
Kent Bazemore,13.4
Kent Benson,17.3
Kentavious Caldwell-Pope,12.8
Kenton Edelin,3.3
Kenyon Martin,18.7
Keon Clark,19.2
Kermit Washington,19.3
Kerry Kittles,18.3
Kevin Brooks,10.2
Kevin Burleson,5.1
Kevin Duckworth,14.9
Kevin Durant,29.8
Kevin Edwards,17.1
Kevin Gamble,16.3
Kevin Garnett,29.4
Kevin Grevey,15.5
Kevin Henderson,9.1
Kevin Johnson,23.7
Kevin Jones,11.1
Kevin Kunnert,17.7
Kevin Loder,12.9
Kevin Loughery,15.9
Kevin Love,26.9
Kevin Lynch,7.7
Kevin Martin,21.4
Kevin McHale*,24.0
Kevin McKenna,12.1
Kevin Murphy,-4.5
Kevin O'Shea,13.3
Kevin Ollie,14.3
Kevin Porter,17.2
Kevin Pritchard,25.6
Kevin Restani,13.9
Kevin Salvadori,8.3
Kevin Seraphin,15.8
Kevin Stacom,12.0
Kevin Thompson,4.9
Kevin Williams,12.0
Kevin Willis,19.7
Kevinn Pinkney,11.6
Kevon Looney,18.6
Keyon Dooling,14.1
Khalid El-Amin,12.2
Khalid Reeves,16.9
Khris Middleton,16.8
Kiki Vandeweghe,23.6
Kim Anderson,3.0
Kim English,7.9
Kim Hughes,11.7
Kirk Haston,4.0
Kirk Hinrich,17.0
Kirk Penney,-4.3
Kirk Snyder,14.6
Kiwane Garris,8.7
Klay Thompson,20.8
Kleggie Hermsen,-1.9
Kobe Bryant,28.0
Korleone Young,31.3
Kornel David,16.9
Kosta Koufos,20.3
Kosta Perovic,10.3
Kostas Papanikolaou,7.8
Kris Dunn,8.1
Kris Humphries,18.2
Kris Joseph,3.7
Kristaps Porzingis,17.7
Kurk Lee,5.6
Kurt Nimphius,13.0
Kurt Rambis,16.1
Kurt Thomas,16.9
Kwame Brown,15.7
Kyle Anderson,12.9
Kyle Korver,14.8
Kyle Lowry,22.9
Kyle Macy,16.1
Kyle O'Quinn,20.5
Kyle Singler,11.8
Kyle Weaver,11.3
Kyle Wiltjer,6.7
Kyrie Irving,23.0
Kyrylo Fesenko,29.8
LaBradford Smith,25.5
LaMarcus Aldridge,22.8
LaMark Baker,-46.6
LaPhonso Ellis,18.2
LaRue Martin,14.0
LaSalle Thompson,16.9
Lamar Green,12.1
Lamar Odom,19.4
Lamar Patterson,5.1
Lamond Murray,17.8
Lamont Strothers,6.0
Lanard Copeland,10.0
Lancaster Gordon,11.3
Lance Allred,-1.0
Lance Blanks,11.9
Lance Stephenson,17.1
Lance Thomas,10.4
Landry Fields,13.5
Langston Galloway,12.3
Lari Ketner,8.7
Laron Profit,11.8
Larry Bird*,27.8
Larry Cannon,10.2
Larry Comley,5.6
Larry Costello,17.2
Larry Demic,10.4
Larry Drew,18.1
Larry Fogle,-0.5
Larry Foust,23.8
Larry Friend,7.7
Larry Hennessy,9.5
Larry Hughes,21.6
Larry Johnson,19.8
Larry Jones,13.7
Larry Kenon,19.8
Larry Krystkowiak,27.2
Larry McNeill,20.9
Larry Micheaux,16.1
Larry Mikan,8.4
Larry Moffett,4.0
Larry Nance,22.2
Larry Owens,11.9
Larry Robinson,15.8
Larry Sanders,18.7
Larry Siegfried,16.5
Larry Smith,15.1
Larry Spriggs,15.7
Larry Staverman,15.2
Larry Steele,16.3
Larry Stewart,14.5
Larry Sykes,0.0
Larry Wright,13.7
Lars Hansen,13.6
Latrell Sprewell,19.7
Lavor Postell,11.0
Lavoy Allen,17.5
Lawrence Boston,12.6
Lawrence Funderburke,18.5
Lawrence Moten,15.7
Lawrence Roberts,13.8
Lazar Hayward,11.2
Lazaro Borrell,15.0
LeBron James,31.7
LeRon Ellis,13.5
Leandro Barbosa,19.4
Ledell Eackles,15.3
Lee Johnson,1.5
Lee Knorek,
Lee Mayberry,11.2
Lee Nailon,14.5
Lee Shaffer,15.4
Lee Winfield,15.2
Len Chappell,19.0
Len Elmore,12.8
Len Kosmalski,12.1
Lennie Rosenbluth,14.3
Lenny Wilkens*,20.3
Leo Barnhorst,16.0
Leo Katkaveck,
Leo Klier,
Leo Kubiak,
Leo Mogus,
Leo Rautins,6.2
Leon Benbow,10.9
Leon Blevins,
Leon Douglas,13.6
Leon Powe,20.9
Leon Smith,21.7
Leon Wood,25.7
Leonard Gray,13.9
Leonard Taylor,3.8
Leroy Chollet,
Leroy Combs,13.5
Leroy Ellis,15.6
Les Hunter,8.8
Les Jepsen,10.1
Les Pugh,
Lester Conner,18.0
Lester Hudson,18.3
Levi Fontaine,12.1
Lew Hitch,14.9
Lewis Brown,-18.6
Lewis Lloyd,17.7
Linas Kleiza,14.4
Lindsay Hairston,14.8
Lindsey Hunter,14.8
Linton Johnson,14.0
Linton Townes,30.3
Lionel Chalmers,6.5
Lionel Hollins,15.6
Lionel Simmons,16.5
Litterial Green,13.5
Lloyd Daniels,13.5
Lloyd Neal,19.8
Lloyd Walton,14.5
Logan Vander,1.8
Lonnie Shelton,17.4
Lonny Baxter,13.1
Loren Meyer,10.2
Loren Woods,13.4
Lorenzen Wright,15.7
Lorenzo Brown,11.0
Lorenzo Charles,11.5
Lorenzo Romar,14.9
Lorenzo Williams,16.1
Lou Amundson,14.4
Lou Hudson,19.5
Lou Roe,9.0
Lou Tsioropoulos,8.8
Lou Williams,23.9
Louie Dampier*,13.7
Louie Nelson,14.0
Louis Orr,16.1
Lowes Moore,21.5
Loy Petersen,9.8
Loy Vaught,17.1
Luc Longley,15.2
Luc Mbah,13.9
Lucas Nogueira,15.6
Lucious Harris,15.7
Lucius Allen,18.8
Luigi Datome,16.7
Luis Flores,33.7
Luis Montero,-2.7
Luis Scola,18.4
Luke Babbitt,12.1
Luke Harangody,11.0
Luke Jackson,16.3
Luke Ridnour,17.7
Luke Schenscher,9.3
Luke Walton,14.7
Luke Witte,12.7
Luke Zeller,5.6
Luol Deng,18.7
Luther Green,-9.4
Luther Head,13.7
Luther Rackley,12.5
Luther Wright,-0.4
Lynn Greer,14.0
M.L. Carr,16.3
Maalik Wayns,19.5
Mac Otten,
Maceo Baston,18.0
Maciej Lampe,12.2
Mack Calvin,17.0
Magic Johnson*,27.0
Mahmoud Abdul-Rauf,18.6
Major Jones,13.4
Makhtar N'Diaye,3.9
Mal Graham,8.8
Mal McMullen,
Malachi Richardson,9.6
Malcolm Brogdon,14.9
Malcolm Delaney,7.5
Malcolm Lee,9.8
Malcolm Mackey,12.6
Malcolm Thomas,16.7
Malik Allen,15.0
Malik Beasley,13.7
Malik Hairston,12.0
Malik Rose,19.7
Malik Sealy,14.7
Mamadou N'Diaye,20.6
Manny Harris,11.7
Manny Leaks,11.1
Manu Ginobili,24.3
Manute Bol,11.2
MarShon Brooks,24.3
Marc Gasol,21.7
Marc Iavaroni,9.7
Marc Jackson,16.1
Marcelo Huertas,10.4
Marcin Gortat,21.2
Marco Belinelli,15.0
Marcus Banks,15.5
Marcus Brown,12.9
Marcus Camby,20.9
Marcus Cousin,7.8
Marcus Fizer,17.9
Marcus Georges-Hunt,10.2
Marcus Haislip,15.4
Marcus Landry,8.1
Marcus Liberty,18.7
Marcus Morris,14.8
Marcus Smart,12.0
Marcus Thornton,18.2
Marcus Vinicius,11.6
Marcus Webb,20.1
Marcus Williams,53.0
Mardy Collins,9.9
Mario Bennett,22.2
Mario Chalmers,18.0
Mario Elie,14.6
Mario Hezonja,9.4
Mario Kasun,12.0
Mario West,10.0
Mark Acres,10.1
Mark Aguirre,23.5
Mark Alarie,14.1
Mark Blount,16.0
Mark Bradtke,9.6
Mark Bryant,13.3
Mark Crow,12.8
Mark Davis,15.3
Mark Eaton,13.6
Mark Hendrickson,12.9
Mark Jackson,18.3
Mark Jones,14.7
Mark Landsberger,17.0
Mark Macon,12.5
Mark Madsen,12.7
Mark McNamara,16.0
Mark Minor,6.8
Mark Olberding,14.8
Mark Pope,10.0
Mark Price,22.7
Mark Radford,12.1
Mark Randall,12.9
Mark Sibley,9.3
Mark Strickland,17.4
Mark Wade,21.3
Mark West,15.7
Mark Workman,12.8
Markel Brown,11.3
Markieff Morris,18.4
Marko Jaric,14.4
Marko Milic,18.4
Marlon Garnett,6.5
Marlon Maxey,15.8
Marlon Redmond,12.0
Marques Bragg,9.8
Marques Johnson,23.9
Marquese Chriss,12.3
Marquis Daniels,20.1
Marquis Teague,8.4
Marreese Speights,19.5
Marshall Hawkins,
Marshall Plumlee,10.9
Marshall Rogers,9.8
Martell Webster,13.9
Martin Lewis,11.2
Martin Muursepp,15.1
Martin Nessley,2.9
Marty Byrnes,13.6
Marty Conlon,17.2
Martynas Andriuskevicius,15.5
Marv Roberts,6.0
Marv Schatzman,
Marv Winkler,11.4
Marvin Barnes,15.0
Marvin Webster,17.0
Marvin Williams,16.8
Mason Plumlee,19.0
Mateen Cleaves,9.1
Matt Barnes,15.5
Matt Bonner,16.4
Matt Bullard,17.2
Matt Carroll,14.7
Matt Fish,27.4
Matt Freije,6.1
Matt Geiger,20.2
Matt Guokas,11.2
Matt Harpring,19.3
Matt Maloney,12.3
Matt Mazza,
Matt Othick,5.9
Matt Steigenga,7.0
Matt Walsh,-2.4
Matt Wenstrom,15.6
Matthew Dellavedova,11.3
Maurice Ager,10.1
Maurice Baker,0.0
Maurice Carter,7.1
Maurice Cheeks,18.6
Maurice Evans,14.0
Maurice Harkless,13.3
Maurice Lucas,18.4
Maurice Martin,9.4
Maurice Ndour,11.3
Maurice Stokes*,22.1
Maurice Taylor,16.1
Maury King,17.3
Max Morris,
Max Zaslofsky,16.0
McCoy Ingram,7.6
McCoy McLemore,13.5
McKinley Singleton,13.3
Med Park,13.2
Mehmet Okur,19.0
Mel Bennett,11.5
Mel Counts,18.4
Mel Daniels*,10.7
Mel Davis,14.8
Mel Gibson,2.5
Mel Hutchins,17.3
Mel McCants,5.1
Mel Nowell,10.5
Mel Payton,15.5
Mel Peterson,20.8
Melvin Booker,9.5
Melvin Ely,14.3
Melvin Newbern,11.5
Melvin Sanders,10.5
Melvin Turpin,16.4
Mengke Bateer,8.0
Metta World,23.5
Meyers Leonard,14.8
Michael Adams,22.3
Michael Anderson,10.5
Michael Ansley,17.3
Michael Beasley,22.5
Michael Bradley,22.0
Michael Brooks,16.1
Michael Cage,17.1
Michael Carter-Williams,16.3
Michael Cooper,16.3
Michael Curry,10.4
Michael Dickerson,15.6
Michael Doleac,14.0
Michael Finley,19.3
Michael Gbinije,-2.1
Michael Hawkins,10.6
Michael Jackson,8.1
Michael Jordan*,31.7
Michael Kidd-Gilchrist,16.9
Michael McDonald,-22.1
Michael Olowokandi,12.4
Michael Phelps,19.3
Michael Redd,22.3
Michael Ruffin,12.1
Michael Smith,15.0
Michael Stewart,12.9
Michael Wiley,19.8
Michael Wilson,15.5
Michael Young,16.0
Micheal Ray,19.8
Micheal Williams,20.0
Mickael Gelabale,11.8
Mickael Pietrus,14.2
Mickell Gladness,10.5
Mickey Davis,16.8
Mickey Dillard,7.0
Mickey Johnson,20.3
Mike Bantom,18.2
Mike Barr,10.3
Mike Batiste,12.2
Mike Bibby,19.3
Mike Bratz,14.2
Mike Brittain,7.3
Mike Brown,12.8
Mike Champion,-43.7
Mike Conley,23.2
Mike D'Antoni,10.8
Mike Davis,21.1
Mike Dunleavy,17.7
Mike Evans,15.6
Mike Farmer,12.0
Mike Flynn,14.5
Mike Gale,13.9
Mike Gibson,8.7
Mike Glenn,16.6
Mike Gminski,19.0
Mike Green,14.5
Mike Hall,3.1
Mike Harper,12.2
Mike Harris,17.9
Mike Higgins,12.9
Mike Holton,12.3
Mike Iuzzolino,13.3
Mike James,19.8
Mike Kearns,1.0
Mike Lynn,4.7
Mike Macaluso,10.2
Mike McCarron,
Mike McGee,17.3
Mike Miller,19.0
Mike Mitchell,19.1
Mike Morrison,4.2
Mike Muscala,18.0
Mike Newlin,17.7
Mike Niles,6.7
Mike Novak,-14.6
Mike O'Koren,13.7
Mike O'Neill,4.6
Mike Penberthy,31.3
Mike Peplowski,19.2
Mike Price,13.6
Mike Ratliff,10.2
Mike Riordan,15.6
Mike Sanders,16.0
Mike Scott,16.3
Mike Silliman,8.0
Mike Smith,8.1
Mike Smrek,14.6
Mike Sojourner,14.1
Mike Sweetney,17.2
Mike Taylor,10.1
Mike Tobey,-0.1
Mike Todorovich,
Mike Wilks,17.7
Mike Williams,5.8
Mike Woodson,18.9
Mikki Moore,35.7
Mile Ilic,-48.6
Miles Plumlee,17.4
Miles Simon,-7.2
Milo Komenich,
Milos Babic,18.3
Milt Palacio,12.5
Milt Schoon,
Milt Wagner,11.2
Milt Williams,14.3
Mindaugas Kuzminskas,12.4
Miroslav Raduljica,15.3
Mirsad Turkcan,13.9
Mirza Teletovic,16.2
Mitch Kupchak,19.4
Mitch McGary,16.6
Mitch Richmond*,21.6
Mitchell Butler,13.0
Mitchell Wiggins,16.3
Mo Howard,26.3
Mo Layton,14.5
Mo Mahoney,12.3
Mo Williams,17.2
Moe Barr,11.9
Moe Radovich,20.0
Monk Meineke,14.6
Monta Ellis,19.0
Monte Towe,10.3
Monti Davis,44.2
Montrezl Harrell,19.2
Monty Williams,15.6
Moochie Norris,18.4
Mookie Blaylock,20.4
Morlon Wiley,19.7
Morris Almond,8.7
Morris Peterson,15.3
Moses Malone*,26.8
Mouhamed Sene,33.2
Muggsy Bogues,20.6
Murray Mitchell,
Murray Wier,
Mustafa Shakur,6.8
Mychal Thompson,19.2
Mychel Thompson,2.2
Myles Patrick,6.9
Myles Turner,18.5
Myron Brown,14.7
Myron Jackson,10.6
Nando De,13.2
Nat Clifton*,16.4
Nate Blackwell,6.1
Nate Bowman,11.0
Nate DeLong,21.1
Nate Driggers,6.8
Nate Hawthorne,13.3
Nate Huffman,11.8
Nate Johnston,19.2
Nate McMillan,15.9
Nate Robinson,18.9
Nate Thurmond*,19.0
Nate Williams,19.5
Nate Wolters,12.7
Nathan Jawai,11.0
Nazr Mohammed,20.3
Ndudi Ebi,17.8
Neal Walk,19.1
Negele Knight,15.0
Neil Johnson,13.1
Neil Johnston*,26.6
Nelson Bobb,13.5
Nemanja Bjelica,11.2
Nemanja Nedovic,-1.7
Nenad Krstic,16.9
Nene Hilario,24.2
Nerlens Noel,20.8
Nick Anderson,19.6
Nick Calathes,12.3
Nick Collison,15.0
Nick Fazekas,19.8
Nick Johnson,4.8
Nick Jones,11.4
Nick Mantis,8.1
Nick Van,18.5
Nick Vanos,9.1
Nick Weatherspoon,15.8
Nick Young,16.0
Nicolas Batum,17.3
Nicolas Brussino,10.7
Nicolas Laprovittola,8.4
Nik Stauskas,9.2
Nikita Wilson,2.3
Nikola Jokic,26.4
Nikola Mirotic,17.9
Nikola Pekovic,21.4
Nikola Vucevic,21.5
Nikoloz Tskitishvili,10.6
Noah Vonleh,13.2
Noble Jorgensen,16.3
Noel Felix,-1.1
Nolan Smith,7.8
Norm Cook,10.3
Norm Grekin,-23.3
Norm Mager,
Norm Nixon,18.2
Norm Richardson,11.6
Norm Stewart,-1.9
Norm Swanson,4.0
Norm Van,16.8
Norman Black,1.9
Norman Powell,14.0
Normie Glick,
Norris Cole,12.6
Norris Coleman,6.6
Norton Barnhill,4.7
O.J. Mayo,14.7
Obinna Ekezie,13.3
Odie Spears,17.2
Odis Allison,4.7
Ognjen Kuzmic,12.9
Okaro White,7.5
Olden Polynice,15.9
Oleksiy Pecherov,14.5
Oliver Lafayette,12.8
Oliver Miller,18.2
Oliver Robinson,14.1
Ollie Johnson,16.7
Ollie Mack,13.0
Olumide Oyedeji,11.2
Omar Cook,17.0
Omer Asik,15.5
Omri Casspi,14.4
Orien Greene,33.0
Orlando Graham,6.7
Orlando Johnson,11.4
Orlando Woolridge,19.6
Oscar Robertson*,27.6
Oscar Torres,14.7
Othell Wilson,12.1
Othella Harrington,16.1
Othello Hunter,12.1
Othyus Jeffers,13.7
Otis Birdsong,20.3
Otis Howard,15.1
Otis Smith,19.4
Otis Thorpe,18.7
Otto Moore,15.4
Otto Porter,17.3
Owen Wells,12.9
Ozell Jones,11.4
P.J. Brown,17.6
P.J. Hairston,9.0
P.J. Tucker,13.3
Pablo Prigioni,13.0
Pace Mannion,14.4
Pape Sow,16.4
Pape Sy,9.2
Pascal Siakam,11.5
Pat Burke,9.9
Pat Connaughton,11.8
Pat Cummings,15.3
Pat Dunn,9.4
Pat Durham,12.2
Pat Frink,7.9
Pat Garrity,13.0
Pat Riley*,12.4
Patricio Garino,-9.2
Patrick Beverley,15.4
Patrick Christopher,-2.6
Patrick Eddie,-8.8
Patrick Ewing,0.6
Patrick Ewing*,25.8
Patrick McCaw,8.6
Patrick O'Bryant,14.0
Patrick Patterson,16.7
Patty Mills,21.5
Pau Gasol,24.1
Paul Arizin*,25.5
Paul Cloyd,
Paul Davis,33.3
Paul Dawkins,11.0
Paul George,20.9
Paul Gordon,
Paul Graham,14.7
Paul Grant,10.9
Paul Griffin,13.8
Paul Hoffman,14.5
Paul Hogue,7.4
Paul Long,18.4
Paul McCracken,11.6
Paul McPherson,16.7
Paul Millsap,21.8
Paul Mokeski,11.1
Paul Neumann,16.8
Paul Noel,2.3
Paul Nolen,-20.3
Paul Pierce,23.6
Paul Pressey,18.6
Paul Ruffner,12.5
Paul Seymour,16.2
Paul Shirley,9.9
Paul Silas,18.3
Paul Stovall,9.4
Paul Thompson,14.9
Paul Walther,15.6
Paul Westphal,23.8
Paul Zipser,6.9
Pavel Podkolzin,2.3
Pearl Washington,13.1
Peja Stojakovic,34.0
Pep Saul,11.1
Pepe Sanchez,17.7
Pero Antic,11.7
Perry Jones,10.1
Perry Moss,10.2
Perry Warbington,3.1
Perry Young,3.8
Pervis Ellison,19.9
Pete Brennan,7.2
Pete Chilcutt,14.5
Pete Cross,13.1
Pete Darcey,-5.7
Pete Maravich*,20.5
Pete Myers,16.3
Pete Verhoeven,12.0
Pete Williams,11.6
Peter Aluma,3.1
Peter John,8.2
Peter Thibeaux,11.7
Petur Gudmundsson,13.9
Peyton Siva,5.7
Phil Bond,5.3
Phil Chenier,17.7
Phil Ford,17.3
Phil Hankinson,18.1
Phil Hicks,13.5
Phil Hubbard,16.0
Phil Jackson*,15.0
Phil Jordon,17.5
Phil Lumpkin,11.5
Phil Martin,6.6
Phil Pressey,11.8
Phil Rollins,13.4
Phil Sellers,14.0
Phil Smith,18.4
Phil Walker,9.0
Phil Zevenbergen,13.7
Pickles Kennedy,3.8
Pierre Jackson,13.0
Plummer Lott,4.7
Pooh Richardson,18.1
Popeye Jones,14.4
Pops Mensah-Bonsu,35.8
Porter Meriwether,12.4
Predrag Drobnjak,12.7
Predrag Savovic,6.0
Price Brookfield,
Priest Lauderdale,13.6
Primoz Brezec,16.1
Purvis Short,19.1
Quentin Richardson,17.4
Quincy Acy,17.2
Quincy Douby,17.0
Quincy Lewis,7.1
Quincy Miller,11.1
Quincy Pondexter,11.1
Quinn Buckner,16.5
Quinn Cook,15.3
Quintin Dailey,18.1
Quinton Ross,10.5
Qyntel Woods,12.4
R.J. Hunter,7.7
Radisav Curcic,13.5
Raef LaFrentz,18.9
Rafael Addison,11.9
Rafael Araujo,8.3
Rafer Alston,16.5
Raja Bell,20.6
Rajon Rondo,19.1
Rakeem Christmas,32.0
Ralph Beard,
Ralph Davis,9.9
Ralph Drollinger,5.3
Ralph Jackson,15.6
Ralph Johnson,8.8
Ralph Lewis,22.2
Ralph O'Brien,12.7
Ralph Ogden,2.5
Ralph Polson,11.1
Ralph Sampson*,20.1
Ralph Simpson,14.4
Ralph Wells,-0.2
Ramon Rivas,9.3
Ramon Sessions,19.0
Randell Jackson,11.6
Randolph Childress,6.7
Randolph Keys,12.3
Randolph Morris,14.6
Randy Allen,8.4
Randy Breuer,15.3
Randy Brown,13.0
Randy Denton,11.2
Randy Foye,14.0
Randy Holcomb,8.2
Randy Livingston,27.2
Randy Smith,19.1
Randy White,13.2
Randy Wittman,13.0
Randy Woods,12.8
Rashad McCants,17.2
Rashad Vaughn,7.8
Rashard Lewis,20.7
Rasheed Wallace,20.9
Rasho Nesterovic,16.1
Rastko Cvetkovic,2.1
Rasual Butler,14.5
Ratko Varda,15.0
Raul Lopez,12.9
Raul Neto,10.7
Rawle Marshall,10.1
Ray Allen,23.3
Ray Blume,9.7
Ray Corley,-6.9
Ray Ellefson,
Ray Epps,7.9
Ray Felix,22.9
Ray Lumpp,14.4
Ray McCallum,12.5
Ray Owes,11.1
Ray Radziszewski,-8.9
Ray Ragelis,6.1
Ray Scott,17.5
Ray Tolbert,15.1
Ray Williams,21.6
Raymond Brown,-0.9
Raymond Felton,17.3
Raymond Townsend,10.8
Red Davis,-3.3
Red Holzman*,10.2
Red Kerr,19.4
Red Morrison,11.6
Red Owens,13.0
Red Rocha,15.2
Reece Gaines,6.7
Reggie Bullock,12.0
Reggie Carter,9.4
Reggie Evans,15.0
Reggie Geary,8.7
Reggie Hanson,6.9
Reggie Harding,13.0
Reggie Jackson,19.8
Reggie Johnson,15.7
Reggie Jordan,25.2
Reggie King,16.9
Reggie Lewis,17.9
Reggie Miller*,21.2
Reggie Slater,19.2
Reggie Smith,9.4
Reggie Theus,19.2
Reggie Williams,18.1
Renaldo Balkman,16.8
Renaldo Major,-3.7
Rex Chapman,16.9
Rex Morgan,10.7
Rex Walters,16.2
Rich Eichhorst,12.2
Rich Johnson,22.2
Rich Jones,12.5
Rich Kelley,19.9
Rich King,12.9
Rich Laurel,7.5
Rich Manning,10.9
Rich Niemann,12.2
Rich Rinaldi,14.0
Rich Yonakor,20.4
Richard Anderson,22.9
Richard Coffey,7.9
Richard Dumas,18.6
Richard Hamilton,18.7
Richard Jefferson,18.9
Richard Morton,12.9
Richard Petruska,12.3
Richard Rellford,11.6
Richard Washington,14.2
Richaun Holmes,18.6
Richie Frahm,15.7
Richie Guerin*,34.1
Richie Niemiera,
Richie Regan,10.0
Rick Adelman,13.4
Rick Barry*,24.2
Rick Brunson,18.3
Rick Calloway,6.6
Rick Carlisle,9.0
Rick Fox,16.8
Rick Hughes,10.9
Rick Mahorn,13.9
Rick Roberson,16.1
Rick Robey,15.5
Rick Weitzman,5.6
Rick Wilson,9.7
Rickey Brown,12.4
Rickey Green,18.0
Rickey Williams,9.6
Rickie Winslow,-3.4
Ricky Berry,13.1
Ricky Blanton,19.3
Ricky Davis,18.9
Ricky Grace,10.8
Ricky Ledo,12.7
Ricky Marsh,8.4
Ricky Pierce,22.7
Ricky Rubio,17.6
Ricky Sobers,16.5
Ricky Wilson,17.6
Rik Smits,20.2
Rob Kurz,11.8
Rob Lock,5.3
Rob Rose,5.0
Rob Williams,13.3
Robbie Hummel,9.7
Robert Archibald,20.6
Robert Churchwell,1.2
Robert Covington,15.0
Robert Hahn,
Robert Hawkins,25.0
Robert Hite,7.4
Robert Horry,15.0
Robert Pack,19.3
Robert Parish*,25.2
Robert Reid,16.4
Robert Sacre,12.1
Robert Smith,11.6
Robert Swift,12.7
Robert Traylor,17.0
Robert Werdann,13.6
Robert Whaley,7.6
Robin Jones,13.1
Robin Lopez,18.9
Rock Lee,1.0
Rod Derline,13.7
Rod Foster,12.1
Rod Freeman,10.9
Rod Higgins,16.3
Rod Knowles,-0.1
Rod Strickland,21.6
Rod Thorn,17.6
Rodney Buford,11.3
Rodney Carney,20.4
Rodney Hood,14.1
Rodney McCray,16.7
Rodney McGruder,9.1
Rodney Monroe,8.8
Rodney Rogers,17.8
Rodney Stuckey,18.4
Rodney White,16.4
Rodrick Rhodes,7.7
Rodrigue Beaubois,18.5
Roger Brown,8.7
Roger Burkman,15.5
Roger Mason,13.8
Roger Phegley,20.7
Roger Powell,-8.3
Roger Strickland,-0.1
Roko Ukic,12.2
Roland West,6.8
Rolando Blackman,19.8
Rolando Ferreira,-7.6
Rollen Hans,11.5
Rollie Seltz,
Ron Anderson,16.2
Ron Baker,7.5
Ron Behagen,16.3
Ron Bonham,21.6
Ron Boone,17.5
Ron Brewer,21.5
Ron Carter,9.3
Ron Cavenall,7.4
Ron Crevier,-31.1
Ron Davis,11.8
Ron Feiereisel,12.2
Ron Filipek,13.5
Ron Grandison,18.3
Ron Harper,21.3
Ron Horn,6.1
Ron Johnson,11.0
Ron Knight,13.3
Ron Lee,16.2
Ron Livingstone,
Ron Mercer,14.8
Ron Moore,4.3
Ron Reed,12.1
Ron Riley,11.7
Ron Rowan,22.2
Ron Shavlik,-0.9
Ron Sobie,14.9
Ron Watts,24.8
Ron Williams,14.6
Ronald Dupree,17.5
Ronald Murray,15.4
Rondae Hollis-Jefferson,14.2
Ronnie Brewer,18.4
Ronnie Lester,13.8
Ronnie MacGilvray,7.9
Ronnie Murphy,2.9
Ronnie Price,12.3
Ronnie Valentine,10.3
Ronny Turiaf,15.5
Rony Seikaly,18.3
Rory Sparrow,14.3
Rory White,15.3
Roshown McLeod,11.3
Rowland Garrett,16.7
Roy Hamilton,10.4
Roy Hibbert,19.3
Roy Hinson,17.4
Roy Marble,5.5
Roy Rogers,12.6
Roy Tarpley,23.6
Royal Ivey,12.6
Royce White,-8.3
Ruben Boumtje-Boumtje,18.4
Ruben Garces,10.5
Ruben Nembhard,13.8
Ruben Patterson,19.3
Ruben Wolkowyski,6.4
Rudy Fernandez,15.5
Rudy Gay,19.7
Rudy Gobert,23.3
Rudy Hackett,10.4
Rudy LaRusso,17.5
Rudy Macklin,10.9
Rudy Tomjanovich,20.5
Rudy White,13.3
Rumeal Robinson,14.9
Russ Lee,15.5
Russ Schoene,13.5
Russ Smith,22.7
Russell Cross,15.3
Russell Westbrook,30.6
Rusty LaRue,10.0
Ryan Anderson,21.2
Ryan Bowen,31.3
Ryan Gomes,15.7
Ryan Hollins,15.3
Ryan Humphrey,10.2
Ryan Kelly,12.6
Ryan Lorthridge,12.9
Ryan Reid,17.6
Ryan Robertson,2.6
Ryan Stack,9.7
Salah Mejri,16.8
Salim Stoudamire,12.5
Sam Bowie,16.4
Sam Cassell,23.7
Sam Dekker,13.0
Sam Jacobson,20.6
Sam Jones*,21.7
Sam Lacey,17.5
Sam Mack,17.7
Sam Mitchell,15.8
Sam Pellom,11.7
Sam Perkins,17.6
Sam Ranzino,9.5
Sam Sibert,6.4
Sam Smith,14.2
Sam Stith,7.9
Sam Vincent,16.1
Sam Williams,17.7
Sam Worthen,8.9
Sam Young,13.0
Samaki Walker,14.5
Samardo Samuels,11.7
Samuel Dalembert,18.6
Sarunas Jasikevicius,12.9
Sarunas Marciulionis*,20.4
Sasha Danilovic,14.5
Sasha Kaun,12.5
Sasha Pavlovic,12.1
Sasha Vujacic,15.1
Scooter McCray,8.7
Scot Pollard,18.0
Scott Brooks,17.3
Scott Burrell,15.7
Scott English,11.2
Scott Haffner,9.9
Scott Haskin,11.3
Scott Hastings,15.8
Scott Lloyd,11.2
Scott Machado,6.0
Scott May,17.2
Scott Meents,11.9
Scott Padgett,17.6
Scott Roth,11.7
Scott Sims,5.2
Scott Skiles,17.8
Scott Wedman,16.9
Scott Williams,19.3
Scottie Pippen*,23.2
Scotty Hopson,-6.5
Sean Colson,14.9
Sean Elliott,16.3
Sean Green,17.5
Sean Higgins,12.5
Sean Kilpatrick,16.7
Sean Lampley,21.6
Sean Marks,17.9
Sean May,19.1
Sean Rooks,14.7
Sean Singletary,8.5
Sean Williams,18.8
Sebastian Telfair,14.0
Sedale Threatt,20.7
Sedric Toney,12.8
Semaj Christon,5.7
Semih Erden,10.8
Serge Ibaka,19.6
Sergei Bazarevich,13.6
Sergei Monia,12.1
Sergey Karasev,10.5
Sergio Rodriguez,16.9
Seth Curry,19.9
Shabazz Muhammad,19.9
Shabazz Napier,13.6
Shaler Halimon,13.2
Shammond Williams,33.8
Shandon Anderson,15.7
Shane Battier,15.3
Shane Edwards,-1.0
Shane Heal,5.3
Shane Larkin,13.3
Shannon Brown,15.0
Shaquille O'Neal*,30.6
Shareef Abdur-Rahim,21.2
Sharone Wright,17.3
Sharrod Ford,0.6
Shaun Livingston,14.6
Shavlik Randolph,19.4
Shawn Bradley,19.6
Shawn Kemp,23.6
Shawn Long,24.1
Shawn Marion,23.6
Shawn Respert,13.0
Shawne Williams,12.8
Shawnelle Scott,18.7
Shayne Whittington,20.0
Shea Seals,4.9
Shelden Williams,16.0
Sheldon McClellan,10.1
Shellie McMillon,16.1
Shelton Jones,27.3
Shelvin Mack,15.4
Sherell Ford,16.4
Sherman Douglas,18.0
Sherron Collins,3.6
Sherwin Raiken,-3.2
Si Green,13.5
Sid Catlett,-1.4
Sidney Green,14.2
Sidney Lowe,13.7
Sidney Moncrief,22.6
Sidney Wicks,20.3
Sim Bhullar,44.3
Skal Labissiere,16.8
Skeeter Henry,5.6
Skip Harlicka,14.8
Skippy Whitaker,-8.7
Slater Martin*,14.1
Slavko Vranes,-20.4
Sleepy Floyd,20.2
Slick Leonard*,12.2
Slick Watts,17.2
Sly Williams,18.6
Smush Parker,13.4
Solomon Alabi,14.2
Solomon Hill,12.2
Solomon Jones,12.3
Sonny Dove,13.6
Sonny Hertzberg,
Sonny Parker,17.4
Sonny Weems,12.9
Soumaila Samake,12.9
Speedy Claxton,17.3
Spencer Dinwiddie,12.7
Spencer Hawes,18.6
Spencer Haywood*,22.7
Spud Webb,18.5
Stacey Arceneaux,10.4
Stacey Augmon,17.9
Stacey King,16.0
Stan Brown,6.1
Stan Kimbrough,12.1
Stan Love,14.7
Stan McKenzie,16.0
Stan Miasek,16.5
Stan Patrick,
Stan Pietkiewicz,14.3
Stan Washington,-10.3
Stanislav Medvedenko,21.8
Stanley Brundy,10.1
Stanley Jackson,17.8
Stanley Johnson,8.7
Stanley Roberts,16.3
Stefano Rusconi,2.4
Steffond Johnson,4.7
Stephane Lasme,11.7
Stephen Curry,31.5
Stephen Graham,21.9
Stephen Howard,19.5
Stephen Jackson,16.1
Stephen Thompson,14.6
Stephen Zimmerman,7.3
Stephon Marbury,22.7
Steve Alford,20.5
Steve Bardo,32.3
Steve Blake,14.5
Steve Bracey,12.7
Steve Bucknall,0.0
Steve Burtt,18.5
Steve Colter,15.9
Steve Courtin,6.9
Steve Downing,10.2
Steve Francis,21.6
Steve Goodrich,4.1
Steve Green,13.3
Steve Hamer,8.9
Steve Hamilton,9.6
Steve Harris,18.3
Steve Hawes,16.7
Steve Hayes,10.9
Steve Henson,14.1
Steve Johnson,18.1
Steve Jones,12.1
Steve Kerr,17.5
Steve Kuberski,12.4
Steve Lingenfelter,3.2
Steve Malovic,7.9
Steve Mix,19.7
Steve Nash,23.8
Steve Novak,20.8
Steve Patterson,13.6
Steve Scheffler,27.1
Steve Sheppard,14.2
Steve Smith,19.5
Steve Stipanovich,15.9
Steven Adams,16.5
Steven Hill,88.3
Steven Hunter,14.7
Steven Smith,-1.8
Stevin Smith,3.3
Stewart Granger,10.1
Stojko Vrankovic,11.2
Stromile Swift,19.2
Stu Lantz,16.8
Stuart Gray,10.5
Sun Yue,-8.6
Sundiata Gaines,17.3
Swede Halbrook,11.6
Swen Nater,19.1
Sylvester Gray,11.2
Sylvester Norris,3.3
T.J. Ford,20.3
T.J. McConnell,14.5
T.J. Warren,15.7
T.R. Dunn,12.5
Taj Gibson,16.9
Tal Skinner,10.2
Tamar Slay,7.8
Tang Hamilton,10.9
Tarence Kinsey,13.0
Tarik Black,16.3
Tariq Abdul-Wahad,14.4
Tate Armstrong,11.1
Tate George,11.8
Taurean Green,8.8
Taurean Waller-Prince,9.8
Taylor Griffin,5.2
Tayshaun Prince,16.9
Ted Luckenbill,9.0
Ted Manakas,7.2
Ted McClain,10.9
Tellis Frank,12.4
Terence Morris,11.9
Terence Stansbury,10.3
Terrance Roberson,-15.0
Terrel Harris,7.2
Terrell Brandon,25.2
Terrence Jones,19.1
Terrence Rencher,6.5
Terrence Ross,14.9
Terrence Williams,16.5
Terry Catledge,15.2
Terry Crosby,3.5
Terry Cummings,22.8
Terry Davis,12.4
Terry Dehere,16.7
Terry Dischinger,20.8
Terry Dozier,5.1
Terry Driscoll,11.9
Terry Duerod,14.3
Terry Furlow,17.1
Terry Mills,17.7
Terry Porter,21.7
Terry Rozier,10.8
Terry Teagle,16.7
Terry Thomas,16.3
Terry Tyler,17.2
Tex Ritter,
Thabo Sefolosha,13.8
Thaddeus Young,18.9
Thales McReynolds,-3.3
Thanasis Antetokounmpo,32.9
Tharon Mayes,6.8
Theo Ratliff,17.2
Theron Smith,8.4
Thomas Gardner,4.4
Thomas Hamilton,11.4
Thomas Jordan,6.9
Thomas Robinson,19.3
Thon Maker,14.0
Thurl Bailey,16.3
Tiago Splitter,20.5
Tibor Pleiss,3.5
Ticky Burden,14.6
Tierre Brown,17.4
Tim Bassett,10.5
Tim Breaux,11.6
Tim Duncan,27.1
Tim Frazier,19.1
Tim Hardaway,20.9
Tim James,12.6
Tim Kempton,10.7
Tim Legler,16.1
Tim McCormick,14.7
Tim Ohlbrecht,-6.1
Tim Perry,14.4
Tim Quarterman,10.2
Tim Thomas,16.9
Tim Young,11.7
Timofey Mozgov,18.7
Timothe Luwawu-Cabarrot,8.5
Tiny Archibald*,25.2
Tito Horford,5.1
Tito Maddox,11.2
Tobias Harris,18.2
Toby Bailey,11.3
Toby Kimball,16.9
Toby Knight,16.4
Tod Murphy,15.7
Todd Day,15.5
Todd Fuller,11.8
Todd Lichti,16.7
Todd MacCulloch,18.3
Todd Mitchell,8.8
Todd Mundt,8.0
Togo Palazzi,16.9
Tom Abernethy,15.6
Tom Barker,13.2
Tom Black,10.2
Tom Boerwinkle,20.4
Tom Boswell,14.6
Tom Brennan,5.6
Tom Burleson,17.8
Tom Chambers,31.5
Tom Copa,10.7
Tom Garrick,13.3
Tom Gola*,18.3
Tom Gugliotta,20.5
Tom Hammonds,14.7
Tom Hawkins,14.0
Tom Heinsohn*,20.0
Tom Henderson,15.2
Tom Hoover,9.7
Tom Hovasse,0.2
Tom Ingelsby,9.5
Tom Kozelko,9.4
Tom Kropp,10.8
Tom LaGarde,15.6
Tom Marshall,17.0
Tom McMillen,14.2
Tom Meschery,14.8
Tom Owens,19.9
Tom Patterson,15.5
Tom Payne,15.0
Tom Piotrowski,9.2
Tom Riker,19.9
Tom Sanders*,13.6
Tom Scheffler,6.9
Tom Sewell,-2.7
Tom Sluby,12.2
Tom Stith,6.5
Tom Thacker,10.3
Tom Tolbert,13.8
Tom Van,16.3
Tom Workman,19.6
Tomas Satoransky,8.5
Tommie Green,8.3
Tommy Byrnes,
Tommy Kearns,8.8
Tommy Kron,12.6
Tommy O'Keefe,
Toney Douglas,16.0
Toni Kukoc,21.8
Tony Allen,18.3
Tony Battie,15.5
Tony Bennett,9.9
Tony Bobbitt,11.7
Tony Brown,12.2
Tony Campbell,17.1
Tony Dawson,16.0
Tony Delk,16.1
Tony Dumas,15.2
Tony Farmer,15.7
Tony Fuller,6.9
Tony Harris,17.6
Tony Jackson,12.9
Tony Jaros,
Tony Lavelli,
Tony Massenburg,18.3
Tony Mitchell,30.9
Tony Parker,23.4
Tony Price,2.4
Tony Robertson,10.7
Tony Smith,15.2
Tony Snell,10.2
Tony White,11.3
Tony Windis,7.5
Tony Wroten,14.9
Tony Zeno,0.2
Torgeir Bryn,9.1
Tornike Shengelia,9.0
Torraye Braggs,11.6
Toure' Murry,11.1
Tracy Jackson,12.2
Tracy McGrady,30.3
Tracy Moore,33.0
Tracy Murray,17.3
Trajan Langdon,13.5
Travis Best,16.7
Travis Diener,13.7
Travis Grant,22.3
Travis Hansen,7.2
Travis Knight,14.1
Travis Leslie,14.6
Travis Mays,12.3
Travis Outlaw,16.4
Travis Wear,8.5
Travis Williams,13.7
Tree Rollins,18.9
Tremaine Fowlkes,12.4
Trent Tucker,15.4
Trenton Hassell,10.4
Treveon Graham,10.6
Trevor Ariza,17.1
Trevor Booker,15.7
Trevor Ruffin,15.5
Trevor Wilson,15.1
Trevor Winter,-4.3
Trey Burke,14.0
Trey Gilder,30.9
Trey Johnson,16.2
Trey Lyles,11.6
Trey Thompkins,12.0
Tristan Thompson,16.1
Troy Bell,-4.5
Troy Daniels,16.1
Troy Hudson,19.1
Troy Murphy,18.0
Troy Williams,12.8
Truck Robinson,18.8
Ty Lawson,19.4
Tyler Ennis,14.6
Tyler Hansbrough,16.4
Tyler Honeycutt,10.4
Tyler Johnson,15.9
Tyler Ulis,13.0
Tyler Zeller,18.9
Tyreke Evans,18.4
Tyrone Britt,9.5
Tyrone Corbin,16.6
Tyrone Hill,18.4
Tyrone Nesby,17.0
Tyronn Lue,16.2
Tyrus Thomas,31.4
Tyshawn Taylor,6.2
Tyson Chandler,20.1
Tyson Wheeler,76.1
Tyus Edney,17.8
Tyus Jones,13.8
Udonis Haslem,15.5
Uros Slokar,13.9
Uwe Blab,10.8
Vander Blue,4.0
Vassilis Spanoulis,5.4
Vern Fleming,17.5
Vern Gardner,11.1
Vern Hatton,14.5
Vern Mikkelsen*,21.9
Vernon Macklin,18.2
Vernon Maxwell,14.1
Vester Marshall,3.4
Viacheslav Kravtsov,14.4
Vic Bartolome,4.4
Victor Alexander,14.3
Victor Claver,9.2
Victor Oladipo,16.7
Viktor Khryapa,11.5
Vin Baker,20.4
Vince Boryla,12.8
Vince Carter,25.0
Vince Taylor,7.6
Vincent Askew,15.9
Vincent Yarbrough,9.5
Vincenzo Esposito,5.2
Vinnie Johnson,17.6
Vinny Del,15.6
Vitaly Potapenko,15.1
Vitor Faverani,11.0
Vlade Divac,20.5
Vladimir Radmanovic,15.1
Vladimir Stepania,13.9
Voise Winters,-5.6
Von Wafer,14.7
Vonteego Cummings,12.9
Voshon Lenard,15.9
Wade Baldwin,6.4
Wah Wah,13.5
Wali Jones,14.0
Walker Russell,9.5
Wallace Bryant,10.3
Wally Anderzunas,8.8
Wally Osterkorn,13.4
Wally Rank,4.0
Wally Szczerbiak,18.1
Wally Walker,14.0
Walt Bellamy*,26.3
Walt Budko,10.2
Walt Davis,11.7
Walt Frazier*,21.6
Walt Gilmore,6.4
Walt Hazzard,19.4
Walt Kirk,9.7
Walt Lautenbach,
Walt Wesley,17.1
Walt Williams,16.3
Walter Berry,28.9
Walter Bond,11.8
Walter Davis,23.0
Walter Dukes,16.3
Walter Herrmann,16.1
Walter Jordan,8.5
Walter McCarty,11.6
Walter Palmer,12.8
Walter Sharpe,4.8
Walter Tavares,14.4
Wang Zhizhi,28.7
Wardell Jackson,7.0
Warren Kidd,11.3
Warren Perkins,
Wayman Britt,13.5
Wayman Tisdale,18.1
Wayne Cooper,16.3
Wayne Ellington,13.9
Wayne Embry*,18.2
Wayne Englestad,12.4
Wayne Hightower,12.0
Wayne Kreklow,-1.9
Wayne Molis,11.7
Wayne Radford,9.7
Wayne Robinson,11.5
Wayne Sappleton,7.7
Wayne See,
Wayne Selden,10.0
Wayne Simien,11.5
Wayne Stevens,6.1
Wayne Turner,-1.7
Wayne Yates,4.1
Wes Matthews,19.6
Wes Unseld*,18.1
Wesley Cox,11.7
Wesley Johnson,11.1
Wesley Matthews,16.1
Wesley Person,16.3
Whitey Bell,10.3
Whitey Martin,5.4
Whitey Skoog,11.9
Whitey Von,
Wil Jones,12.7
Wilbur Holland,15.6
Wiley Peck,8.9
Will Barton,16.0
Will Blalock,4.5
Will Bynum,17.4
Will Cherry,5.8
Will Conroy,4.2
Will Frazier,0.5
Will Perdue,18.5
Will Solomon,12.6
William Avery,9.0
William Bedford,15.5
William Cunningham,33.3
William Smith,15.5
Willie Anderson,16.6
Willie Burton,21.4
Willie Cauley-Stein,16.4
Willie Green,13.9
Willie Jones,13.1
Willie McCarter,9.9
Willie Naulls,20.0
Willie Norwood,17.3
Willie Reed,19.2
Willie Smith,14.6
Willie Somerset,10.2
Willie Warren,10.8
Willie White,15.1
Willie Williams,8.1
Willie Wise,13.3
Willis Reed*,21.4
Willy Hernangomez,18.9
Wilson Chandler,16.6
Wilson Washington,12.9
Wilt Chamberlain*,31.8
Win Wilfong,12.6
Winford Boynes,13.1
Winston Bennett,29.9
Winston Crite,9.8
Winston Garland,14.7
Woody Sauldsberry,10.8
World B.,22.7
Worthy Patterson,11.0
Xavier Henry,12.3
Xavier McDaniel,18.7
Xavier Munford,9.9
Xavier Silas,0.1
Yakhouba Diawara,8.1
Yao Ming*,26.5
Yaroslav Korolev,8.0
Yi Jianlian,12.3
Yinka Dare,7.2
Yogi Ferrell,14.1
York Larese,13.1
Yuta Tabuse,15.6
Yvon Joseph,12.8
Zabian Dowdell,11.7
Zach LaVine,14.6
Zach Randolph,22.8
Zaid Abdul-Aziz,17.1
Zan Tabak,13.6
Zarko Cabarkapa,32.4
Zarko Paspalj,4.3
Zaza Pachulia,16.8
Zeke Sinicola,-1.7
Zeke Zawoluk,15.4
Zeljko Rebraca,16.2
Zelmo Beaty*,19.3
Zendon Hamilton,18.2
Zoran Dragic,9.1
Zoran Planinic,12.5
Zydrunas Ilgauskas,21.9
